_runtime,_step,_timestamp,epoch,train/accuracy_epoch,train/loss_classification_epoch,train/loss_epoch,train/loss_simple_epoch,train/loss_vlb_epoch,trainer/global_step,val/accuracy,val/accuracy_ema,val/loss,val/loss_classification,val/loss_classification_ema,val/loss_ema,val/loss_simple,val/loss_simple_ema,val/loss_vlb,val/loss_vlb_ema
524.252112206,12,1789891770.1985905,0,,,,,,499,0.19380000233650208,0.1941000074148178,0.03548434004187584,9.192911148071289,8.617828369140625,0.03361746668815613,0.026291420683264732,0.02499963901937008,0.0011605728650465608,0.000966921797953546
527.787518184,13,1789891773.733752,0,0.825265645980835,0.36873018741607666,0.05958600714802742,0.05921725183725357,0.0013596443459391594,499,,,,,,,,,,
1034.510699834,25,1789892280.457175,1,,,,,,999,0.193900004029274,0.195700004696846,0.03496277704834938,9.502655029296875,9.269723892211914,0.034618161618709564,0.025460125878453255,0.025348437950015068,0.0010729444911703467,0.0010604626731947064
1037.416571744,26,1789892283.3627794,1,0.9448124766349792,0.13623866438865662,0.022757653146982193,0.02262142300605774,0.0008302272763103247,999,,,,,,,,,,
1544.116368002,38,1789892790.0628328,2,,,,,,1499,0.19679999351501465,0.19709999859333038,0.03445141762495041,9.693930625915527,9.80355453491211,0.03387177363038063,0.02475748583674431,0.02406822331249714,0.001075287233106792,0.000937619770411402
1547.156746303,39,1789892793.102877,2,0.9622578024864197,0.09738118201494217,0.02207977883517742,0.021982412785291672,0.000850717187859118,1499,,,,,,,,,,
2073.180979165,51,1789893319.127461,3,,,,,,1999,0.19769999384880066,0.1979999989271164,0.034348972141742706,10.501474380493164,10.044554710388184,0.03337867930531502,0.02384749799966812,0.02333412691950798,0.0008800924988463521,0.0009055705741047859
2075.271724404,52,1789893321.2179968,3,0.9702422022819519,0.07577236741781235,0.021458834409713745,0.02138306200504303,0.0007935340399853885,1999,,,,,,,,,,
2599.183478941,64,1789893845.1299455,4,,,,,,2499,0.19850000739097595,0.19850000739097595,0.035034794360399246,11.248457908630371,10.4261474609375,0.03343108668923378,0.023786339908838272,0.023004939779639244,0.000643983599729836,0.0009033195674419403
2602.431717326,65,1789893848.3779051,4,0.9756953120231628,0.06297022104263306,0.021449053660035133,0.021386075764894485,0.0008423615363426507,2499,,,,,,,,,,
3156.616002981,77,1789894402.5624053,5,,,,,,2999,0.19779999554157257,0.1988999992609024,0.03540559485554695,11.167357444763184,10.61581039428711,0.0341063067317009,0.024238236248493195,0.02349049784243107,0.0009285797132179141,0.0008350590942427516
3160.272947765,78,1789894406.2191386,5,0.9787187576293945,0.05553117021918297,0.02128555066883564,0.021230025216937065,0.0008330192649737,2999,,,,,,,,,,
3701.696898604,90,1789894947.6433702,6,,,,,,3499,0.19779999554157257,0.19900000095367432,0.035647425800561905,12.107475280761719,11.395942687988281,0.03480758145451546,0.023539945483207703,0.023411637172102928,0.0007808030932210386,0.0009377842652611434
3705.358377187,91,1789894951.3046508,6,0.9813515543937683,0.04901782423257828,0.021019939333200455,0.02097092941403389,0.0008045834256336093,3499,,,,,,,,,,
4243.092197136,103,1789895489.0386732,7,,,,,,3999,0.1973000019788742,0.1988999992609024,0.03596639260649681,11.63255786895752,11.740126609802246,0.034971535205841064,0.024333830922842026,0.02323141321539879,0.0009623344521969557,0.0009464100585319102
4245.061644071,104,1789895491.0077343,7,0.9830859303474426,0.04442093148827553,0.02085207775235176,0.02080765925347805,0.0008252394618466496,3999,,,,,,,,,,
4794.025074612,116,1789896039.9715555,8,,,,,,4499,0.19859999418258667,0.19900000095367432,0.03533010184764862,11.369383811950684,11.982203483581543,0.03516964241862297,0.023960717022418976,0.023187438026070595,0.0009443878079764545,0.0009221298387274146
4796.333173824,117,1789896042.2794194,8,0.9835156202316284,0.04317168518900871,0.02072087489068508,0.02067769505083561,0.0008176834089681506,4499,,,,,,,,,,
5322.853218085,129,1789896568.7996461,9,,,,,,4999,0.19900000095367432,0.19910000264644623,0.03803170099854469,15.086812973022461,12.400581359863281,0.03461966663599014,0.02294488251209259,0.022219080477952957,0.0008886090363375843,0.0007008393295109272
5326.091833206,130,1789896572.038123,9,0.9853203296661377,0.03876233473420143,0.02068644016981125,0.020647678524255753,0.0008255013963207603,4999,,,,,,,,,,
5833.666084727,142,1789897079.612544,10,,,,,,5499,0.19900000095367432,0.19920000433921814,0.035360679030418396,12.039844512939453,13.076140403747559,0.035893552005290985,0.02332083322107792,0.022817406803369522,0.0008802256779745221,0.000928493682295084
5837.204216428,143,1789897083.150513,10,0.9866952896118164,0.035228580236434937,0.020556528121232986,0.020521296188235283,0.0008159410790540278,5499,,,,,,,,,,
6342.787096367,155,1789897588.7335665,11,,,,,,5999,0.19949999451637268,0.19920000433921814,0.03631322458386421,13.70910930633545,13.42432689666748,0.0359966978430748,0.022604111582040787,0.02257237210869789,0.0008485810249112546,0.0008237049332819879
6344.830404001,156,1789897590.7757773,11,0.9871562719345093,0.03438500314950943,0.020473526790738106,0.020439140498638153,0.0008149638888426125,5999,,,,,,,,,,
6853.135361119,168,1789898099.0818453,12,,,,,,6499,0.19900000095367432,0.19920000433921814,0.03527214378118515,12.280370712280273,13.933228492736816,0.0373479388654232,0.022991769015789032,0.023414703086018562,0.0008914771024137735,0.0009228807175531983
6855.463501974,169,1789898101.4089305,12,0.9877734184265137,0.032303277403116226,0.02042745240032673,0.020395155996084213,0.0007967420970089734,6499,,,,,,,,,,
7361.765932098,181,1789898607.712406,13,,,,,,6999,0.19930000603199005,0.19920000433921814,0.040200840681791306,16.231950759887695,14.281712532043457,0.03746923804283142,0.023968886584043503,0.023187531158328056,0.0008844147669151425,0.0009052103850990534
7363.608222725,182,1789898609.5537102,13,0.9883124828338623,0.03147098794579506,0.020478956401348114,0.02044747769832611,0.0008346851682290435,6999,,,,,,,,,,
7871.520598397,194,1789899117.4670641,14,,,,,,7499,0.19920000433921814,0.19920000433921814,0.03888191282749176,14.983843803405762,14.899031639099121,0.03769705072045326,0.02389807440340519,0.022798020392656326,0.0009181687491945922,0.0008150300127454102
7873.616798913,195,1789899119.562918,14,0.9892265796661377,0.02817281149327755,0.02038884162902832,0.020360661670565605,0.0008317386964336038,7499,,,,,,,,,,
8380.238283405,207,1789899626.1847568,15,,,,,,7999,0.19900000095367432,0.19930000603199005,0.03952328488230705,15.317776679992676,15.160581588745117,0.03774312883615494,0.024205515161156654,0.02258254401385784,0.0009922693716362119,0.0008586041512899101
8383.592179348,208,1789899629.5381303,15,0.9896406531333923,0.027461571618914604,0.02015068009495735,0.02012321725487709,0.0008098455145955086,7999,,,,,,,,,,
8891.412322224,220,1789900137.3587778,16,,,,,,8499,0.19830000400543213,0.19930000603199005,0.037656378000974655,14.747442245483398,15.4407377243042,0.03838968649506569,0.02290894091129303,0.022948946803808212,0.0008819152135401964,0.0008020212408155203
8893.243459282,221,1789900139.1877065,16,0.9904765486717224,0.02613706886768341,0.020295292139053345,0.020269157364964485,0.000784920179285109,8499,,,,,,,,,,
9401.065127722,233,1789900647.0115993,17,,,,,,8999,0.19900000095367432,0.19930000603199005,0.03916849195957184,16.62847900390625,15.529629707336426,0.03851548582315445,0.0225400198251009,0.022985849529504776,0.0006909065996296704,0.0010547371348366141
9402.800962295,234,1789900648.7471557,17,0.9904375076293945,0.025561092421412468,0.0202160831540823,0.0201905257999897,0.0008015768835321069,8999,,,,,,,,,,
9909.305944165,246,1789901155.252401,18,,,,,,9499,0.19900000095367432,0.19930000603199005,0.037497468292713165,14.6922607421875,15.682353019714355,0.038548264652490616,0.02280520461499691,0.022865913808345795,0.0008678685408085585,0.0008514376822859049
9911.022131653,247,1789901156.9683447,18,0.9909296631813049,0.02458304911851883,0.020198101177811623,0.020173506811261177,0.0007804685737937689,9499,,,,,,,,,,
10473.69102355,262,1789901719.6374373,19,,,,,,9999,0.19930000603199005,0.19949999451637268,0.040773604065179825,17.458547592163086,15.973968505859375,0.038929518312215805,0.023315053433179855,0.02295554429292679,0.0009568625246174634,0.0009532342082820833
10485.612404746,263,1789901731.5585036,19,0.9911875128746033,0.02366330847144127,0.020223813131451607,0.020200148224830627,0.000786946271546185,9999,,,,,,,,,,
10992.070543301,275,1789902238.0170007,20,,,,,,10499,0.1987999975681305,0.19939999282360077,0.04062486067414284,17.73692512512207,16.369853973388672,0.039331771433353424,0.022887930274009705,0.022961920127272606,0.000841919332742691,0.0008120738784782588
10993.6294976,276,1789902239.5758011,20,0.9914140701293945,0.022979900240898132,0.01999659091234207,0.01997360587120056,0.0007615959038957953,10499,,,,,,,,,,
11501.832553047,288,1789902747.7790165,21,,,,,,10999,0.19920000433921814,0.19949999451637268,0.03845755755901337,16.043373107910156,16.289541244506836,0.04040994122624397,0.022414177656173706,0.024120397865772247,0.0007016860181465745,0.0009913395624607801
11503.545152084,289,1789902749.4912164,21,0.9915234446525574,0.02308984287083149,0.019960450008511543,0.019937364384531975,0.0007488630362786353,10999,,,,,,,,,,
12009.832723519,301,1789903255.7791927,22,,,,,,11499,0.19930000603199005,0.19949999451637268,0.03922097012400627,16.317697525024414,16.467628479003906,0.03853624314069748,0.02290327101945877,0.02206861786544323,0.000978264957666397,0.0007584397098980844
12011.622888607,302,1789903257.5691085,22,0.9919999837875366,0.02185012772679329,0.019984764978289604,0.019962919875979424,0.0008003218099474907,11499,,,,,,,,,,
12519.313349018,314,1789903765.2598157,23,,,,,,11999,0.19910000264644623,0.19949999451637268,0.041162729263305664,18.097305297851562,16.754304885864258,0.0396033339202404,0.023065419867634773,0.022849028930068016,0.0007421172340400517,0.0008726181695237756
12520.881615532,315,1789903766.8276863,23,0.9923202991485596,0.020637990906834602,0.019791536033153534,0.01977088488638401,0.0007541723316535354,11999,,,,,,,,,,
13028.160136365,327,1789904274.1065876,24,,,,,,12499,0.19939999282360077,0.19949999451637268,0.04107069969177246,17.450408935546875,17.05600929260254,0.0402388796210289,0.02362029254436493,0.02318287082016468,0.001018835580907762,0.0008886476280167699
13029.899324939,328,1789904275.845308,24,0.9925000071525574,0.02041046693921089,0.020061464980244637,0.020041046664118767,0.0007958242786116898,12499,,,,,,,,,,
13535.72633616,340,1789904781.6728098,25,,,,,,12999,0.19930000603199005,0.19949999451637268,0.04105847328901291,17.63922119140625,17.457881927490234,0.0401039682328701,0.023419249802827835,0.02264608070254326,0.0008091906784102321,0.0008326232200488448
13537.49013797,341,1789904783.4363291,25,0.9927187561988831,0.019352929666638374,0.019830001518130302,0.019810644909739494,0.0007525138789787889,12999,,,,,,,,,,
14046.259923002,353,1789905292.2063913,26,,,,,,13499,0.1987999975681305,0.19949999451637268,0.042960796505212784,19.405488967895508,18.005102157592773,0.040841344743967056,0.023555293679237366,0.022836241871118546,0.0008654589764773846,0.0008213528781197965
14046.262047722,354,1789905292.208166,26,0.9933281540870667,0.01877656951546669,0.01999892294406891,0.01998012512922287,0.0007822737679816782,13499,,,,,,,,,,
14554.573651002,366,1789905800.5201228,27,,,,,,13999,0.19939999282360077,0.19949999451637268,0.0406993143260479,18.116512298583984,18.031064987182617,0.040424883365631104,0.022582802921533585,0.022393813356757164,0.0007081632502377033,0.0007939621573314071
14556.288385009,367,1789905802.2344873,27,0.9931328296661377,0.018711932003498077,0.01984802633523941,0.019829316064715385,0.000756199995521456,13999,,,,,,,,,,
15071.92834957,379,1789906317.8747413,28,,,,,,14499,0.19910000264644623,0.19949999451637268,0.04110092669725418,17.99517250061035,18.010902404785156,0.04040874168276787,0.02310575172305107,0.022397823631763458,0.000822021858766675,0.0007092819432727993
15073.720904747,380,1789906319.667024,28,0.9928047060966492,0.019122803583741188,0.019863450899720192,0.01984432153403759,0.0007973845349624753,14499,,,,,,,,,,
15618.578626427,392,1789906864.5250633,29,,,,,,14999,0.19949999451637268,0.19949999451637268,0.04409332200884819,20.700563430786133,18.323955535888672,0.04117067903280258,0.023392757400870323,0.022846722975373268,0.0009487720672041178,0.0009571881964802742
15621.618114221,393,1789906867.564223,29,0.9935625195503235,0.017107009887695312,0.01971316710114479,0.019696062430739403,0.0007705941679887474,14999,,,,,,,,,,
16169.934947008,405,1789907415.8813884,30,,,,,,15499,0.19910000264644623,0.19949999451637268,0.04041111841797829,17.94481658935547,18.436092376708984,0.04148323833942413,0.022466298192739487,0.023047158494591713,0.0007766653434373438,0.0007657724781893194
16172.124543858,406,1789907418.0708122,30,0.9933124780654907,0.017965009436011314,0.019910015165805817,0.019892044365406036,0.0007529724971391261,15499,,,,,,,,,,
16705.858206257,418,1789907951.8046658,31,,,,,,15999,0.19939999282360077,0.19949999451637268,0.04344622790813446,20.123397827148438,18.71983528137207,0.04171864315867424,0.02332283742725849,0.02299880050122738,0.001041303388774395,0.000802042311988771
16707.449387532,419,1789907953.3955548,31,0.9937109351158142,0.017283378168940544,0.019809896126389503,0.019792603328824043,0.0007874095463193953,15999,,,,,,,,,,
17230.70560511,431,1789908476.6520438,32,,,,,,16499,0.19949999451637268,0.1995999962091446,0.04295147955417633,20.280437469482422,19.050159454345703,0.041419293731451035,0.022671040147542953,0.0223691388964653,0.0008193522226065397,0.0009056083508767188
17236.128283211,432,1789908482.074551,32,0.9935547113418579,0.016983000561594963,0.019960228353738785,0.019943244755268097,0.0008276027510873973,16499,,,,,,,,,,
17752.005454062,444,1789908997.9518845,33,,,,,,16999,0.19930000603199005,0.1995999962091446,0.04416626691818237,20.590408325195312,19.37594985961914,0.04174061864614487,0.023575859144330025,0.02236466482281685,0.0009363748831674457,0.0008272732957266271
17753.574288687,445,1789908999.5203218,33,0.9935469031333923,0.017687832936644554,0.019761918112635612,0.019744226709008217,0.0007824592175893486,16999,,,,,,,,,,
18278.419222859,457,1789909524.3657017,34,,,,,,17499,0.19939999282360077,0.1995999962091446,0.04241124913096428,19.967863082885742,19.595457077026367,0.04248489812016487,0.022443385794758797,0.022889437153935432,0.0006415332900360227,0.0008564700838178396
18280.185233066,458,1789909526.1314855,34,0.9942499995231628,0.015753701329231262,0.019772009924054146,0.019756261259317398,0.0007878899923525751,17499,,,,,,,,,,
18801.567996066,470,1789910047.5144696,35,,,,,,17999,0.1988999992609024,0.1995999962091446,0.04360467940568924,20.79013442993164,19.712032318115234,0.042367465794086456,0.022814542055130005,0.022655433043837547,0.0008475860813632607,0.0007656947709619999
18803.663172198,471,1789910049.609433,35,0.9941562414169312,0.016049576923251152,0.019620204344391823,0.0196041539311409,0.0007576241041533649,17999,,,,,,,,,,
19332.092558469,483,1789910578.0390303,36,,,,,,18499,0.1996999979019165,0.1995999962091446,0.04317862540483475,20.163908004760742,19.948040008544922,0.04243312031030655,0.023014718666672707,0.022485075518488884,0.0007645034929737449,0.000816159532405436
19333.871120195,484,1789910579.8173203,36,0.9945077896118164,0.014886995777487755,0.01950298435986042,0.019488098099827766,0.0007465527160093188,18499,,,,,,,,,,
19859.75881362,496,1789911105.705287,37,,,,,,18999,0.19949999451637268,0.1995999962091446,0.04340149462223053,20.80880355834961,20.036815643310547,0.04232228919863701,0.022592691704630852,0.02228548191487789,0.0008186678751371801,0.0007785406778566539
19861.497405098,497,1789911107.4432406,37,0.9942031502723694,0.016068581491708755,0.019551483914256096,0.019535427913069725,0.0007509913411922753,18999,,,,,,,,,,
20385.616054382,509,1789911631.5624876,38,,,,,,19499,0.1995999962091446,0.1995999962091446,0.044241443276405334,21.579486846923828,20.265514373779297,0.0425158329308033,0.02266194485127926,0.02225032076239586,0.0009316808427684009,0.0008281006594188511
20387.732835375,510,1789911633.6791542,38,0.994390606880188,0.015097284689545631,0.019563034176826477,0.019547922536730766,0.0007854207651689649,19499,,,,,,,,,,
20971.30932347,525,1789912217.2557929,39,,,,,,19999,0.19949999451637268,0.1995999962091446,0.044237397611141205,21.403154373168945,20.443397521972656,0.04275400564074516,0.02283424511551857,0.022310614585876465,0.0008351876167580485,0.0008049574680626392
20975.396688056,526,1789912221.342742,39,0.9944297075271606,0.015512345358729362,0.01958402246236801,0.019568508490920067,0.000779195164795965,19999,,,,,,,,,,
21512.695428352,538,1789912758.641898,40,,,,,,20499,0.19949999451637268,0.1995999962091446,0.04181763157248497,19.146371841430664,20.44970703125,0.043395452201366425,0.022671254351735115,0.022945741191506386,0.0006861778674647212,0.0009681848459877074
21514.783343754,539,1789912760.7295136,40,0.9946249723434448,0.01489270944148302,0.01956596039235592,0.019551055505871773,0.0007662140997126698,20499,,,,,,,,,,
22036.886130696,551,1789913282.8325846,41,,,,,,20999,0.1996999979019165,0.1995999962091446,0.04371540993452072,20.98287582397461,20.40033531188965,0.042371965944767,0.022732529789209366,0.021971629932522774,0.0008094981894828379,0.0007023880607448518
22038.617035969,552,1789913284.563202,41,0.9947187304496765,0.014526112005114555,0.019662251695990562,0.019647736102342606,0.0007858132012188435,20999,,,,,,,,,,
22554.976861819,564,1789913800.923322,42,,,,,,21499,0.19949999451637268,0.1995999962091446,0.04341338574886322,20.6977481842041,20.557836532592773,0.043421078473329544,0.02271563559770584,0.022863248363137245,0.0007638456299901009,0.0009480550070293248
22556.647604393,565,1789913802.5932562,42,0.9945546984672546,0.0146070197224617,0.019593074917793274,0.019578473642468452,0.0007602354744449258,21499,,,,,,,,,,
23076.983843245,577,1789914322.9302795,43,,,,,,21999,0.19939999282360077,0.1995999962091446,0.043853480368852615,20.22660255432129,20.69256019592285,0.042955201119184494,0.02362687885761261,0.022262657061219215,0.000843363581225276,0.0007966910488903522
23078.619877055,578,1789914324.5661812,43,0.9947109222412109,0.014110383577644825,0.0195376705378294,0.019523577764630318,0.0007634908542968333,21999,,,,,,,,,,
23600.480866598,590,1789914846.4273188,44,,,,,,22499,0.19949999451637268,0.19949999451637268,0.044206131249666214,21.0834903717041,20.78954315185547,0.043764762580394745,0.023122638463974,0.022975225001573563,0.0007680980488657951,0.0009704774711281061
23602.094203529,591,1789914848.040494,44,0.994921863079071,0.014518492855131626,0.01954018510878086,0.019525669515132904,0.0007861584308557212,22499,,,,,,,,,,
24120.316395774,603,1789915366.2628784,45,,,,,,22999,0.19939999282360077,0.19939999282360077,0.043648332357406616,20.047863006591797,20.861289978027344,0.043562039732933044,0.023600466549396515,0.02270074561238289,0.0008645222405903041,0.0009625189704820514
24121.913526569,604,1789915367.8597221,45,0.9951328039169312,0.013681426644325256,0.019436072558164597,0.01942240260541439,0.0007675705710425973,22999,,,,,,,,,,
24635.636150554,616,1789915881.5826197,46,,,,,,23499,0.19939999282360077,0.19939999282360077,0.04464208707213402,21.299850463867188,20.83295249938965,0.043464161455631256,0.023342233151197433,0.022631211206316948,0.0009123633499257267,0.0008125430904328823
24637.217790333,617,1789915883.163932,46,0.9950390458106995,0.013367016799747944,0.019264495000243187,0.019251124933362007,0.000727031088899821,23499,,,,,,,,,,
25146.458860979,629,1789916392.4053335,47,,,,,,23999,0.19949999451637268,0.19939999282360077,0.04296502843499184,20.753087997436523,20.77650260925293,0.04357093945145607,0.022211935371160507,0.022794436663389206,0.0007003272767178714,0.0007179035455919802
25148.240303284,630,1789916394.1863468,47,0.9947656393051147,0.01419820636510849,0.019358795136213303,0.019344594329595566,0.0007548825815320015,23999,,,,,,,,,,
25656.938500392,642,1789916902.8849835,48,,,,,,24499,0.19949999451637268,0.19939999282360077,0.04402768239378929,21.44782829284668,20.729660034179688,0.04318167641758919,0.02257985807955265,0.02245202288031578,0.0007472785073332489,0.0008203635225072503
25658.602010774,643,1789916904.54811,48,0.9952187538146973,0.012755924835801125,0.01944664493203163,0.01943388767540455,0.0007450094562955201,24499,,,,,,,,,,
26165.185307316,655,1789917411.1317835,49,,,,,,24999,0.19920000433921814,0.19939999282360077,0.043003905564546585,20.036649703979492,20.83184814453125,0.04297126084566116,0.022967258468270302,0.0221394095569849,0.0008299120818264782,0.0007555104093626142
26166.77926161,656,1789917412.7253327,49,0.9953047037124634,0.01300041563808918,0.019510118290781975,0.019497118890285492,0.0007890654960647225,24999,,,,,,,,,,
26674.647454052,668,1789917920.5939336,50,,,,,,25499,0.19939999282360077,0.19930000603199005,0.04276500642299652,20.086952209472656,21.008068084716797,0.04358312860131264,0.022678058594465256,0.02257506549358368,0.0008508103201165795,0.0007501303334720433
26676.240527477,669,1789917922.1866179,50,0.9952577948570251,0.013150532729923725,0.01929984614253044,0.019286705181002617,0.0007301180739887059,25499,,,,,,,,,,
27183.739233497,681,1789918429.6857064,51,,,,,,25999,0.19920000433921814,0.19939999282360077,0.04357340186834335,20.257553100585938,21.0810546875,0.04368339106440544,0.02331584319472313,0.02260233648121357,0.000949828652665019,0.0009893974056467414
27185.259572348,682,1789918431.2056723,51,0.9952031373977661,0.01280459389090538,0.019223030656576157,0.019210223108530045,0.0007315581315197051,25999,,,,,,,,,,
27691.501234805,694,1789918937.447687,52,,,,,,26499,0.19910000264644623,0.19949999451637268,0.04360739886760712,21.216934204101562,21.088468551635742,0.043460529297590256,0.02239046059548855,0.022372057661414146,0.0007967744022607803,0.0008150233188644052
27692.997470095,695,1789918938.943642,52,0.9953359365463257,0.012409626506268978,0.01960424706339836,0.01959182880818844,0.0008238613954745233,26499,,,,,,,,,,
28199.625992012,707,1789919445.572464,53,,,,,,26999,0.19930000603199005,0.19949999451637268,0.044752512127161026,21.488880157470703,21.115848541259766,0.044021494686603546,0.023263627663254738,0.02290564961731434,0.0007758507272228599,0.0009322943515144289
28201.151490298,708,1789919447.097726,53,0.9953359365463257,0.012550168670713902,0.01962004229426384,0.01960747502744198,0.0007710594218224287,26999,,,,,,,,,,
28708.782191033,720,1789919954.728662,54,,,,,,27499,0.19939999282360077,0.19949999451637268,0.042717237025499344,20.158113479614258,21.04847526550293,0.042900025844573975,0.02255912311375141,0.021851545199751854,0.000757516419980675,0.000798107881564647
28710.279040999,721,1789919956.2249572,54,0.9951249957084656,0.013008643873035908,0.019270963966846466,0.019257953390479088,0.0007622146513313055,27499,,,,,,,,,,
29214.500158645,733,1789920460.4466305,55,,,,,,27999,0.19939999282360077,0.19949999451637268,0.04327087104320526,20.667837142944336,21.12401008605957,0.04318032041192055,0.022603031247854233,0.02205631136894226,0.0007685228483751416,0.0007773736724629998
29216.37742912,734,1789920462.3235068,55,0.9950390458106995,0.012648277916014194,0.019146040081977844,0.019133398309350014,0.000751442858017981,27999,,,,,,,,,,
29723.582705202,746,1789920969.5291448,56,,,,,,28499,0.19859999418258667,0.19949999451637268,0.04430817440152168,21.5792179107666,21.174325942993164,0.0431758314371109,0.022728951647877693,0.02200150676071644,0.000861074251588434,0.0008504160214215517
29725.382662203,747,1789920971.3286676,56,0.995367169380188,0.012530303560197353,0.01944078877568245,0.019428256899118423,0.0007826924556866288,28499,,,,,,,,,,
30230.039784096,759,1789921475.986231,57,,,,,,28999,0.1996999979019165,0.19949999451637268,0.042745087295770645,20.04999351501465,21.356618881225586,0.044230129569768906,0.022695090621709824,0.02287350781261921,0.0007976753986440599,0.0008289130055345595
30231.900404474,760,1789921477.8463156,57,0.9956406354904175,0.01162194274365902,0.019430119544267654,0.0194185059517622,0.0007746298797428608,28999,,,,,,,,,,
30737.462901455,772,1789921983.4093542,58,,,,,,29499,0.1995999962091446,0.1995999962091446,0.04313245415687561,19.9074764251709,21.392864227294922,0.043486032634973526,0.0232249703258276,0.022093169391155243,0.001030186889693141,0.0008705708314664662
30739.218913122,773,1789921985.165022,58,0.995492160320282,0.012377923354506493,0.01931457221508026,0.01930219680070877,0.0007761751185171306,29499,,,,,,,,,,
31297.436760495,788,1789922543.3832152,59,,,,,,29999,0.19979999959468842,0.1995999962091446,0.04542361572384834,22.269620895385742,21.510469436645508,0.04443291574716568,0.023153988644480705,0.022922443225979805,0.0008771544671617448,0.0008266990771517158
31301.683370486,789,1789922547.6296456,59,0.9956718683242798,0.011789928190410137,0.019407661631703377,0.0193958580493927,0.0008135299431160092,29999,,,,,,,,,,
31811.351858022,801,1789923057.298284,60,,,,,,30499,0.19939999282360077,0.19979999959468842,0.04500575736165047,21.928741455078125,21.658864974975586,0.04396265372633934,0.023077016696333885,0.022303791716694832,0.0008113124058581889,0.0007643008721061051
31818.126704471,802,1789923064.0728629,60,0.9956796765327454,0.01178660523146391,0.019243819639086723,0.019232038408517838,0.0007850906113162637,30499,,,,,,,,,,
32327.02125683,814,1789923572.9676118,61,,,,,,30999,0.19939999282360077,0.19979999959468842,0.044561393558979034,21.78335952758789,21.721189498901367,0.044869210571050644,0.022778039798140526,0.02314802072942257,0.0007674096850678325,0.000998156494461
32329.198001481,815,1789923575.144153,61,0.9959296584129333,0.011383754201233387,0.01918540708720684,0.01917404495179653,0.0007913978188298643,30999,,,,,,,,,,
32838.574587827,827,1789924084.521064,62,,,,,,31499,0.19939999282360077,0.19979999959468842,0.044886983931064606,21.288476943969727,21.788053512573242,0.04439584165811539,0.023598503321409225,0.022607790306210518,0.0009485208429396152,0.0007486491813324392
32840.409143555,828,1789924086.3553112,62,0.9956952929496765,0.011508853174746037,0.0191707294434309,0.0191592276096344,0.00073064467869699,31499,,,,,,,,,,
33350.297011583,840,1789924596.2434797,63,,,,,,31999,0.19920000433921814,0.19979999959468842,0.044888935983181,21.720500946044922,21.811063766479492,0.04438472539186478,0.023168429732322693,0.022573668509721756,0.0007817826699465513,0.0008679633028805256
33352.085944528,841,1789924598.0321467,63,0.9958124756813049,0.011650915257632732,0.019214121624827385,0.019202467054128647,0.0007761817541904747,31999,,,,,,,,,,
33861.733423954,853,1789925107.6798954,64,,,,,,32499,0.1996999979019165,0.19979999959468842,0.04367208108305931,21.54192352294922,21.827159881591797,0.04485330358147621,0.02213016152381897,0.023026147857308388,0.000831577111966908,0.000845220172777772
33861.434050231,854,1789925107.3802872,64,0.9960390329360962,0.011076027527451515,0.01944842003285885,0.019437339156866074,0.0007865357329137623,32499,,,,,,,,,,
34372.630671213,866,1789925618.5771368,65,,,,,,32999,0.19939999282360077,0.19979999959468842,0.043501246720552444,20.500019073486328,21.857990264892578,0.0448429249227047,0.023001225665211678,0.022984938696026802,0.0008842141833156347,0.0009615058079361916
34374.360326147,867,1789925620.3064835,65,0.9953984618186951,0.011678108014166355,0.019028404727578163,0.01901673711836338,0.000698191812261939,32999,,,,,,,,,,
34884.875237712,879,1789926130.821656,66,,,,,,33499,0.1995999962091446,0.19979999959468842,0.044360026717185974,20.9429874420166,21.875978469848633,0.044847823679447174,0.0234170351177454,0.022971849888563156,0.0009115130524151027,0.0008436543284915388
34886.547262969,880,1789926132.4934864,66,0.995968759059906,0.01113075576722622,0.019304165616631508,0.0192930418998003,0.0007863183855079114,33499,,,,,,,,,,
35397.525770303,892,1789926643.4722455,67,,,,,,33999,0.19939999282360077,0.1996999979019165,0.04560927301645279,22.007497787475586,21.860240936279297,0.04433136805891991,0.023601770401000977,0.02247113734483719,0.0009244644897989929,0.0007987416465766728
35401.979808482,893,1789926647.9258337,67,0.9958593845367432,0.01091904565691948,0.01923789083957672,0.01922697201371193,0.000793774495832622,33999,,,,,,,,,,
35911.800301649,905,1789927157.746767,68,,,,,,34499,0.1996999979019165,0.19979999959468842,0.04262329265475273,19.94898796081543,21.82733726501465,0.0447290763258934,0.022674307227134705,0.02290174923837185,0.0007497845799662173,0.0008725952939130366
35913.360708261,906,1789927159.3069813,68,0.9960859417915344,0.010683353058993816,0.019207894802093506,0.019197219982743263,0.0007512255688197911,34499,,,,,,,,,,
36422.731122788,918,1789927668.677581,69,,,,,,34999,0.1996999979019165,0.19979999959468842,0.043365757912397385,20.948747634887695,21.781551361083984,0.04453001543879509,0.02241700515151024,0.022748468443751335,0.0007999638328328729,0.0009058733121491969
36424.334245646,919,1789927670.2803497,69,0.9961484670639038,0.010623137466609478,0.01909676007926464,0.019086144864559174,0.0007467714603990316,34999,,,,,,,,,,
36933.222976132,931,1789928179.169361,70,,,,,,35499,0.1996999979019165,0.19979999959468842,0.04450538009405136,21.837602615356445,21.812362670898438,0.04432417452335358,0.022667767480015755,0.022511815652251244,0.0007980298832990229,0.000862025422975421
36934.841646069,932,1789928180.787879,70,0.996023416519165,0.010967986658215523,0.019268754869699478,0.019257789477705956,0.0007905162055976689,35499,,,,,,,,,,
37445.520995156,944,1789928691.4674664,71,,,,,,35999,0.1995999962091446,0.19979999959468842,0.04472416639328003,22.172191619873047,21.851783752441406,0.04433813318610191,0.022551974281668663,0.02248634770512581,0.0006724018603563309,0.0008689142996445298
37447.036269647,945,1789928692.9825652,71,0.9961405992507935,0.010632749646902084,0.019319431856274605,0.019308796152472496,0.0008051884942688048,35999,,,,,,,,,,
37956.604320681,957,1789929202.550768,72,,,,,,36499,0.1996999979019165,0.19979999959468842,0.045666471123695374,22.34064292907715,21.87052345275879,0.04472667723894119,0.02332582324743271,0.022856159135699272,0.0009374720393680036,0.0008213744149543345
37958.22533473,958,1789929204.1716416,72,0.99609375,0.010500402189791203,0.018969053402543068,0.01895856484770775,0.0007114520412869751,36499,,,,,,,,,,
38467.356353939,970,1789929713.3028193,73,,,,,,36999,0.1995999962091446,0.19979999959468842,0.044160835444927216,21.068225860595703,21.904502868652344,0.044483110308647156,0.02309260331094265,0.02257860079407692,0.0008889483287930489,0.0007853961433283985
38468.948253696,971,1789929714.8945055,73,0.9960625171661377,0.01046893559396267,0.019200172275304794,0.019189707934856415,0.0007514519384130836,36999,,,,,,,,,,
38979.935658924,983,1789930225.882101,74,,,,,,37499,0.1996999979019165,0.19979999959468842,0.045578733086586,21.608346939086914,21.938201904296875,0.04526667296886444,0.023970384150743484,0.023328473791480064,0.001146272523328662,0.0008921322878450155
38979.293759471,984,1789930225.2401004,74,0.9958906173706055,0.010933013632893562,0.018968157470226288,0.01895723305642605,0.0007325632032006979,37499,,,,,,,,,,
39492.020727084,996,1789930737.9671898,75,,,,,,37999,0.1995999962091446,0.19979999959468842,0.04306381940841675,20.364290237426758,21.970069885253906,0.044718187302351,0.022699521854519844,0.022748112678527832,0.0007597591611556709,0.0007648759637959301
39493.53804601,997,1789930739.4843304,75,0.9957109093666077,0.01138207595795393,0.01915479078888893,0.019143415614962578,0.0007712492370046675,37999,,,,,,,,,,
40003.313556169,1009,1789931249.2600226,76,,,,,,38499,0.19979999959468842,0.19979999959468842,0.04379195347428322,20.678543090820312,21.94961166381836,0.04429803043603897,0.023113416507840157,0.022348418831825256,0.0008932646596804261,0.0008643359178677201
40004.84696073,1010,1789931250.7932255,76,0.9961953163146973,0.010197165422141552,0.019145721569657326,0.01913551613688469,0.0007840637117624283,38499,,,,,,,,,,
40513.53041313,1022,1789931759.4768739,77,,,,,,38999,0.19949999451637268,0.19990000128746033,0.04414289444684982,21.201936721801758,21.941362380981445,0.045317232608795166,0.02294095605611801,0.0233758594840765,0.0008346547256223857,0.0010301722213625908
40516.206916501,1023,1789931762.1531348,77,0.9960703253746033,0.010264047421514988,0.019212042912840843,0.019201762974262238,0.0007628277526237071,38999,,,,,,,,,,
41025.375288819,1035,1789932271.3217554,78,,,,,,39499,0.1996999979019165,0.19990000128746033,0.043556056916713715,21.10218048095703,21.982542037963867,0.04472612217068672,0.022453878074884415,0.022743579000234604,0.0007760524749755859,0.0008564976742491126
41026.845200967,1036,1789932272.7912474,78,0.9963046908378601,0.00984975416213274,0.019013196229934692,0.01900334656238556,0.0007426256197504699,39499,,,,,,,,,,
41586.694228924,1051,1789932832.6406887,79,,,,,,39999,0.19939999282360077,0.19990000128746033,0.044728152453899384,22.10065269470215,22.007747650146484,0.04389500617980957,0.02262749709188938,0.021887268871068954,0.0008530026534572244,0.0006511042593047023
41589.285178071,1052,1789932835.2314417,79,0.9962109327316284,0.010078669525682926,0.018961478024721146,0.018951399251818657,0.0007413614075630903,39999,,,,,,,,,,
42100.200431469,1064,1789933346.1469269,80,,,,,,40499,0.20000000298023224,0.19979999959468842,0.044562771916389465,21.281192779541016,21.980289459228516,0.04453246667981148,0.023281574249267578,0.022552181035280228,0.0008518979302607477,0.0008053401834331453
42101.70374455,1065,1789933347.6498983,80,0.9961562752723694,0.010279537178575993,0.01899675652384758,0.018986470997333527,0.0007400595350190997,40499,,,,,,,,,,
42609.449823366,1077,1789933855.3962991,81,,,,,,40999,0.19930000603199005,0.19979999959468842,0.04461980238556862,21.189807891845703,21.99302101135254,0.044234395027160645,0.02342999540269375,0.02224137634038925,0.0008221376338042319,0.0007626144215464592
42610.901977545,1078,1789933856.8481922,81,0.9963046908378601,0.009895123541355133,0.018964286893606186,0.018954390659928322,0.0007503187516704202,40999,,,,,,,,,,
43119.644975836,1090,1789934365.591459,82,,,,,,41499,0.1996999979019165,0.1996999979019165,0.04300008714199066,20.203275680541992,21.980619430541992,0.04520579054951668,0.022796811535954475,0.023225177079439163,0.0007173640187829733,0.0007918929331935942
43121.11852891,1091,1789934367.0647695,82,0.996218740940094,0.01033714972436428,0.01910395175218582,0.01909363642334938,0.0007841097540222108,41499,,,,,,,,,,
43629.44828705,1103,1789934875.3947463,83,,,,,,41999,0.1996999979019165,0.1996999979019165,0.042709480971097946,20.123992919921875,21.963621139526367,0.04482899606227875,0.022585485130548477,0.022865375503897667,0.0007578986696898937,0.0008553086081519723
43630.94523212,1104,1789934876.8914607,83,0.9963828325271606,0.009996334090828896,0.019044576212763786,0.019034573808312416,0.0007984093390405178,41999,,,,,,,,,,
44139.177664095,1116,1789935385.1241372,84,,,,,,42499,0.1995999962091446,0.1996999979019165,0.04366480931639671,21.280900955200195,21.937301635742188,0.04467348754405975,0.022383913397789,0.02273617871105671,0.0008189759100787342,0.0007873422000557184
44140.657193644,1117,1789935386.6034346,84,0.9962421655654907,0.009974867105484009,0.018992777913808823,0.01898280158638954,0.000753067375626415,42499,,,,,,,,,,
44648.694449461,1129,1789935894.6409373,85,,,,,,42999,0.19949999451637268,0.1995999962091446,0.04509913921356201,22.633689880371094,21.979557037353516,0.04479356110095978,0.022465456277132034,0.02281399443745613,0.0005891032633371651,0.0008791425498202443
44650.466629879,1130,1789935896.4129307,85,0.9963906407356262,0.009776904247701168,0.01886424608528614,0.01885446347296238,0.0007366688805632293,42999,,,,,,,,,,
45158.9045091,1142,1789936404.850986,86,,,,,,43499,0.19939999282360077,0.1995999962091446,0.04332555830478668,20.514575958251953,22.055360794067383,0.045021526515483856,0.022810978814959526,0.022966157644987106,0.0007777279242873192,0.0009179266053251922
45160.387152726,1143,1789936406.3333957,86,0.9964609146118164,0.010053439997136593,0.019009379670023918,0.018999334424734116,0.0007583567639812827,43499,,,,,,,,,,
45669.211645265,1155,1789936915.158128,87,,,,,,43999,0.19949999451637268,0.1995999962091446,0.04458065330982208,21.661788940429688,22.05149269104004,0.04508674144744873,0.022918865084648132,0.02303525060415268,0.0007969617727212608,0.0009155757143162191
45670.716623715,1156,1789936916.6628327,87,0.9964062571525574,0.00959636177867651,0.018775057047605515,0.018765470013022423,0.0007310598739422858,43999,,,,,,,,,,
46178.642155065,1168,1789937424.58863,88,,,,,,44499,0.19949999451637268,0.1995999962091446,0.051384638994932175,28.87262725830078,22.054046630859375,0.04474097117781639,0.022512001916766167,0.022686921060085297,0.000829744734801352,0.0006948186201043427
46180.246105065,1169,1789937426.1923296,88,0.9964452981948853,0.009638656862080097,0.018869895488023758,0.018860261887311935,0.0007143663242459297,44499,,,,,,,,,,
46688.752564594,1181,1789937934.6990411,89,,,,,,44999,0.19979999959468842,0.1995999962091446,0.049329258501529694,26.88339614868164,22.556800842285156,0.04560353234410286,0.022445861250162125,0.023046718910336494,0.0007886581006459892,0.0010406324872747064
46690.272398748,1182,1789937936.2186503,89,0.9965702891349792,0.009803938679397106,0.018814509734511375,0.018804695457220078,0.0007201313856057823,44999,,,,,,,,,,
47198.424604573,1194,1789938444.3710697,90,,,,,,45499,0.1995999962091446,0.1995999962091446,0.04854603484272957,24.897552490234375,23.071571350097656,0.046583421528339386,0.023648474365472794,0.023511840030550957,0.0009238939383067191,0.0010212453780695796
47199.981606715,1195,1789938445.9278178,90,0.99609375,0.010484659112989902,0.018963836133480072,0.0189533568918705,0.0007457687752321362,45499,,,,,,,,,,
47709.057912299,1207,1789938955.0043912,91,,,,,,45999,0.1996999979019165,0.1995999962091446,0.0506858266890049,28.12765884399414,23.488311767578125,0.04583928361535072,0.022558171302080154,0.02235097438097,0.0008620340377092361,0.0009302759426645935
47710.604485539,1208,1789938956.5506337,91,0.9965468645095825,0.009374083951115608,0.01891593635082245,0.01890655793249607,0.0007887430256232619,45999,,,,,,,,,,
48218.931938602,1220,1789939464.8784115,92,,,,,,46499,0.19920000433921814,0.1995999962091446,0.04696318507194519,24.749605178833008,23.74560546875,0.046297989785671234,0.022213581949472427,0.022552374750375748,0.0008110515773296356,0.0008145455503836274
48220.482212883,1221,1789939466.428514,92,0.9967109560966492,0.009024984203279018,0.01884107105433941,0.018832050263881683,0.0007656286470592022,46499,,,,,,,,,,
48729.216542523,1233,1789939975.163025,93,,,,,,46999,0.1996999979019165,0.1995999962091446,0.04724425822496414,24.519073486328125,23.87164306640625,0.047262705862522125,0.022725185379385948,0.023391058668494225,0.0008795845205895603,0.0010120891965925694
48730.806510337,1234,1789939976.7527273,93,0.9962031245231628,0.010036730207502842,0.018824100494384766,0.01881403662264347,0.0007207266753539443,46999,,,,,,,,,,
49240.296768934,1246,1789940486.2432528,94,,,,,,47499,0.1996999979019165,0.1995999962091446,0.04761676490306854,25.078044891357422,23.973907470703125,0.04640732705593109,0.02253871224820614,0.022433428093791008,0.0006869935896247625,0.0007938793860375881
49241.893356026,1247,1789940487.8395662,94,0.9964218735694885,0.009364568628370762,0.018760235980153084,0.018750878050923347,0.0007525795954279602,47499,,,,,,,,,,
49751.283496348,1259,1789940997.2299633,95,,,,,,47999,0.1996999979019165,0.1995999962091446,0.047653332352638245,24.638431549072266,24.073379516601562,0.046954039484262466,0.02301490493118763,0.02288065478205681,0.0007337425486184657,0.0008914839709177613
49752.827007445,1260,1789940998.7731404,95,0.9965937733650208,0.009269633330404758,0.019000669941306114,0.01899140141904354,0.0007901774952188134,47999,,,,,,,,,,
50261.645732333,1272,1789941507.592216,96,,,,,,48499,0.1996999979019165,0.1995999962091446,0.04797440394759178,24.334997177124023,24.16173553466797,0.046770162880420685,0.023639407008886337,0.022608425468206406,0.0009460157598368824,0.0008064864086918533
50263.094366358,1273,1789941509.0407019,96,0.9967968463897705,0.00879139918833971,0.01884404383599758,0.01883525215089321,0.0007303705788217485,48499,,,,,,,,,,
50771.36283233,1285,1789942017.3093069,97,,,,,,48999,0.1996999979019165,0.1995999962091446,0.04650774225592613,23.161775588989258,24.199785232543945,0.04678936302661896,0.023345964029431343,0.022589577361941338,0.0008342392975464463,0.0009159846231341362
50772.878000017,1286,1789942018.824121,97,0.9963515400886536,0.010180419310927391,0.01884750835597515,0.018837345764040947,0.0007716213003732264,48999,,,,,,,,,,
51281.17562323,1298,1789942527.1221023,98,,,,,,49499,0.19949999451637268,0.1995999962091446,0.04767584055662155,26.174415588378906,24.215970993041992,0.04653614014387131,0.02150142751634121,0.022320164367556572,0.0005845763953402638,0.0007545730331912637
51282.687379706,1299,1789942528.633622,98,0.9965390563011169,0.009449073113501072,0.01891157776117325,0.01890213042497635,0.0007538329809904099,49499,,,,,,,,,,
51844.862342378,1314,1789943090.808828,99,,,,,,49999,0.1996999979019165,0.1995999962091446,0.04744630306959152,24.132211685180664,24.32732582092285,0.047328680753707886,0.023314092308282852,0.023001346737146378,0.0009266327833756804,0.0008566461619921029
51846.792701455,1315,1789943092.7389486,99,0.9967734217643738,0.008974961005151272,0.018753936514258385,0.018744969740509987,0.0007607083534821868,49999,,,,,,,,,,
