_runtime,_step,_timestamp,cl_tasks_train/task0_accuracy_epoch,cl_tasks_train/task1_accuracy_epoch,cl_tasks_train/task2_accuracy_epoch,cl_tasks_train/task3_accuracy_epoch,cl_tasks_val/task0_accuracy,cl_tasks_val/task0_accuracy_ema,cl_tasks_val/task1_accuracy,cl_tasks_val/task1_accuracy_ema,cl_tasks_val/task2_accuracy,cl_tasks_val/task2_accuracy_ema,cl_tasks_val/task3_accuracy,cl_tasks_val/task3_accuracy_ema,epoch,train/accuracy_epoch,train/loss_classification_epoch,train/loss_classifier_kd_epoch,train/loss_diffusion_kd_epoch,train/loss_epoch,train/loss_simple_epoch,train/loss_vlb_epoch,trainer/global_step,val/accuracy,val/accuracy_ema,val/loss,val/loss_classification,val/loss_classification_ema,val/loss_classifier_kd,val/loss_classifier_kd_ema,val/loss_diffusion_kd,val/loss_diffusion_kd_ema,val/loss_ema,val/loss_simple,val/loss_simple_ema,val/loss_vlb,val/loss_vlb_ema
663.489085615,12,1790061855.2368147,,,,,0.9457629919052124,0.9827279448509216,0.26954385638237,0.3871307373046875,0.9525406360626221,0.9510894417762756,0,0,0,,,,,,,,499,0.4336000084877014,0.46399998664855957,0.0015814686194062233,7.7233662605285645,6.789183616638184,,,0.0012836555251851678,0.0013784784823656082,0.001663499278947711,0.022057916969060898,0.021712880581617355,0.0009159756591543555,0.0007562892860732973
669.404763373,13,1790061861.1523046,0.8776417374610901,0.7007984519004822,0.7200596332550049,0,,,,,,,,,0,,,,0.0010654085781425238,0.0012265024706721306,0.016109367832541466,0.0007948820712044835,499,,,,,,,,,,,,,,
1206.262525599,25,1790062398.010241,,,,,0.9724194407463074,0.9823083281517029,0.34463661909103394,0.3878277540206909,0.9437909126281738,0.9528465867042542,0,0,1,,,,,,,,999,0.4519999921321869,0.4643999934196472,0.001631467486731708,7.550595283508301,6.83475399017334,,,0.001332830055616796,0.0013757754350081086,0.0016655069775879383,0.022313181310892105,0.022138381376862526,0.0008379410719498992,0.0008116313838399947
1212.286269623,26,1790062404.033488,0.8839187026023865,0.7000905871391296,0.7092389464378357,0,,,,,,,,,1,,,,0.0009385827579535544,0.001098316628485918,0.015973413363099098,0.0007807603687979281,999,,,,,,,,,,,,,,
1748.84146843,38,1790062940.5891845,,,,,0.965185821056366,0.9818159937858582,0.3251676857471466,0.3887220025062561,0.9439014792442322,0.9523345828056335,0,0,2,,,,,,,,1499,0.44679999351501465,0.4643999934196472,0.0017313563730567694,7.311545372009277,6.86627721786499,,,0.0014326672535389662,0.0013460711343213916,0.0016388322692364454,0.022557387128472328,0.02240985631942749,0.0009532385738566518,0.0010077175684273243
1751.675551328,39,1790062943.4230924,0.8748811483383179,0.700556755065918,0.6909301280975342,0,,,,,,,,,2,,,,0.0009122313931584358,0.001072949729859829,0.016071895137429237,0.0007964040851220489,1499,,,,,,,,,,,,,,
2292.668854751,51,1790063484.4165854,,,,,0.9530771374702454,0.9823083877563477,0.3115801513195038,0.39021915197372437,0.9475855231285095,0.9519261717796326,0,0,3,,,,,,,,1999,0.4422999918460846,0.46470001339912415,0.0016288211336359382,7.091416358947754,6.890402317047119,,,0.001337281079031527,0.0014160512946546078,0.0017058709636330605,0.02206258662045002,0.022091597318649292,0.0008250803803093731,0.0008382395026274025
2298.709783345,52,1790063490.4570284,0.8698670864105225,0.7186528444290161,0.6466400623321533,0,,,,,,,,,3,,,,0.000878973281942308,0.0010391556425020099,0.016018224880099297,0.0007775313570164144,1999,,,,,,,,,,,,,,
2834.322660697,64,1790064026.0703545,,,,,0.9767179489135742,0.9818428754806519,0.5174052715301514,0.3948739767074585,0.9091541767120361,0.9510178565979004,0,0,4,,,,,,,,2499,0.48030000925064087,0.4652999937534332,0.0016153811011463404,6.617892265319824,6.90645170211792,,,0.00132247235160321,0.0013369456864893436,0.0016284894663840532,0.022672969847917557,0.022247908636927605,0.0009890355868265033,0.0008229258819483221
2839.396985142,65,1790064031.1444945,0.8826155662536621,0.7286252379417419,0.5710351467132568,0,,,,,,,,,4,,,,0.0008569118799641728,0.0010168756125494838,0.015996279194951057,0.000747930898796767,2499,,,,,,,,,,,,,,
3381.224303305,77,1790064572.9720266,,,,,0.9787772297859192,0.9813504815101624,0.47197890281677246,0.4003277122974396,0.9130051732063293,0.950158417224884,0,0,5,,,,,,,,2999,0.4722999930381775,0.4661000072956085,0.001504590269178152,6.4448041915893555,6.92812967300415,,,0.0012196589959785342,0.0012491802917793393,0.001538354903459549,0.022048303857445717,0.02198934555053711,0.0008779267081990838,0.0008776304312050343
3386.297252725,78,1790064578.0447605,0.8907886743545532,0.7455793023109436,0.5018996000289917,0,,,,,,,,,5,,,,0.0008461761754006147,0.0010075769387185574,0.016140123829245567,0.0008005147683434188,2999,,,,,,,,,,,,,,
3926.653817483,90,1790065118.401527,,,,,0.9835264682769775,0.9823133945465088,0.5838658213615417,0.40795713663101196,0.8713957071304321,0.9516203999519348,0.00045714288717135787,0,6,,,,,,,,3499,0.4875999987125397,0.46810001134872437,0.0014843648532405496,6.119924068450928,6.924317836761475,,,0.0012020812137052417,0.001317715272307396,0.0016070089768618345,0.02210843190550804,0.02200506068766117,0.0008252182742580771,0.000837242288980633
3932.236841953,91,1790065123.9841926,0.8878189921379089,0.7536197304725647,0.4598512351512909,0,,,,,,,,,6,,,,0.0008270502439700067,0.0009878501296043396,0.016079995781183243,0.00080034852726385,3499,,,,,,,,,,,,,,
4476.129972984,103,1790065667.877696,,,,,0.982018232345581,0.9829180836677551,0.567532479763031,0.41613247990608215,0.8696770668029785,0.9489789009094238,0.0010018236935138702,0,7,,,,,,,,3999,0.48399999737739563,0.4693000018596649,0.0015713408356532454,6.134809494018555,6.910470485687256,,,0.0012861470459029078,0.0013140109367668629,0.0016113549936562777,0.02238456718623638,0.02282395400106907,0.0007057056063786149,0.0008809695136733353
4481.337235539,104,1790065673.0847762,0.8983563780784607,0.7479619979858398,0.4587046205997467,0,,,,,,,,,7,,,,0.0007958820788189769,0.0009554447024129331,0.015956254675984383,0.0007940846844576299,3999,,,,,,,,,,,,,,
5021.421713003,116,1790066213.169414,,,,,0.9813781976699829,0.9834103584289551,0.43426385521888733,0.4252224564552307,0.91314697265625,0.9485849738121033,0,0,8,,,,,,,,4499,0.46540001034736633,0.47119998931884766,0.001459872117266059,6.369050979614258,6.901946067810059,,,0.001178251695819199,0.0012629462871700525,0.0015528552467003465,0.02179301157593727,0.02208896167576313,0.0008629170479252934,0.000862394692376256
5027.77918003,117,1790066219.526603,0.8976646661758423,0.7437435984611511,0.47990310192108154,0,,,,,,,,,8,,,,0.0007975779008120298,0.0009588328539393842,0.01612544246017933,0.0007783026085235178,4499,,,,,,,,,,,,,,
5566.903711204,129,1790066758.6514208,,,,,0.9878117442131042,0.9839327931404114,0.4628198742866516,0.43010619282722473,0.8849596977233887,0.9470672011375427,0,0,9,,,,,,,,4999,0.4668999910354614,0.47189998626708984,0.001523386687040329,6.4933977127075195,6.889396667480469,,,0.001231724163517356,0.0011880997335538268,0.0014705091016367078,0.02267286367714405,0.02135154791176319,0.0009282477549277246,0.0006800005794502795
5571.768305339,130,1790066763.515749,0.9015631079673767,0.7346190810203552,0.4667778015136719,0,,,,,,,,,9,,,,0.0007964848773553967,0.0009581461199559271,0.01616612635552883,0.0008065137080848217,4999,,,,,,,,,,,,,,
6107.040550683,142,1790067298.788259,,,,,0.9874745011329651,0.9853549003601074,0.5969335436820984,0.4343045949935913,0.8465805649757385,0.9439781308174133,0.0005818182253278792,0,10,,,,,,,,5499,0.4860000014305115,0.4724999964237213,0.0014294176362454891,6.365118026733398,6.884943962097168,,,0.0011462478432804346,0.0011676049325615168,0.001460819155909121,0.02195184864103794,0.022436518222093582,0.0009169731056317687,0.0009850141359493136
6111.922324172,143,1790067303.6697228,0.9136194586753845,0.7314523458480835,0.39210620522499084,0,,,,,,,,,10,,,,0.0007665316807106137,0.0009267192217521369,0.016018766909837723,0.0007835761643946171,5499,,,,,,,,,,,,,,
6649.949426068,155,1790067841.6971378,,,,,0.9807574152946472,0.985866904258728,0.5570981502532959,0.4428548216819763,0.852669358253479,0.9429969787597656,0,0,11,,,,,,,,5999,0.4779999852180481,0.4740999937057495,0.0015485597541555762,6.401735782623291,6.8817830085754395,,,0.0012627391843125224,0.001138741965405643,0.0014215572737157345,0.022180290892720222,0.021399714052677155,0.000910265080165118,0.0007079297211021185
6656.114635894,156,1790067847.8621073,0.9019281268119812,0.7334936857223511,0.41710513830184937,0,,,,,,,,,11,,,,0.0007713320665061474,0.0009324559941887856,0.016112392768263817,0.0008024057024158537,5999,,,,,,,,,,,,,,
7195.093894537,168,1790068386.8416038,,,,,0.9838052988052368,0.9862865209579468,0.5737753510475159,0.4522109031677246,0.8524757027626038,0.9423512816429138,0,0,12,,,,,,,,6499,0.48190000653266907,0.47589999437332153,0.0014589218189939857,6.372765064239502,6.873223304748535,,,0.001175777637399733,0.001156376674771309,0.0014433085452765226,0.02194168232381344,0.02181997150182724,0.0008523976430296898,0.0008912140037864447
7199.788240781,169,1790068391.535672,0.8841675519943237,0.7448586225509644,0.42974692583084106,0,,,,,,,,,12,,,,0.0007612635963596404,0.0009223608067259192,0.016109649091959,0.0008022541296668351,6499,,,,,,,,,,,,,,
7741.419517426,181,1790068933.1672277,,,,,0.98235684633255,0.9857745170593262,0.5602917671203613,0.4632662236690521,0.8682566285133362,0.9421842694282532,0.00048301886999979615,0,13,,,,,,,,6999,0.4819999933242798,0.4779999852180481,0.0014703302877023816,6.214545249938965,6.843926429748535,,,0.0011928814928978682,0.0011449478333815932,0.0014292754931375384,0.021530335769057274,0.021588826552033424,0.0007256962126120925,0.0007981440285220742
7746.554620959,182,1790068938.3021328,0.8619803190231323,0.7694070339202881,0.39384159445762634,0,,,,,,,,,13,,,,0.0007402602350339293,0.0008996285614557564,0.01593684032559395,0.0007500278879888356,6999,,,,,,,,,,,,,,
8289.463477735,194,1790069481.2111297,,,,,0.9855296611785889,0.9867789149284363,0.5496927499771118,0.4760279357433319,0.8480579257011414,0.9397806525230408,0,0,14,,,,,,,,7499,0.47620001435279846,0.48019999265670776,0.001455941004678607,6.042686462402344,6.81820011138916,,,0.0011782485526055098,0.0011677875882014632,0.00145489233545959,0.021726571023464203,0.02189224399626255,0.000767120101954788,0.0008209800580516458
8296.018879307,195,1790069487.7660465,0.8827252984046936,0.7546818256378174,0.3621106743812561,0,,,,,,,,,14,,,,0.0007454630103893578,0.0009051798842847347,0.0159717109054327,0.0007844492793083191,7499,,,,,,,,,,,,,,
8839.045516592,207,1790070030.7932243,,,,,0.9847679734230042,0.9874033331871033,0.5294862985610962,0.48575258255004883,0.8449867367744446,0.9382423758506775,0,0,15,,,,,,,,7999,0.4717000126838684,0.4819999933242798,0.0014540519332513213,5.966464042663574,6.7977294921875,,,0.0011778705520555377,0.0011538679245859385,0.0014409457799047232,0.02165166102349758,0.021910086274147034,0.0008862341637723148,0.0008955817902460694
8844.978002851,208,1790070036.7239258,0.8863835334777832,0.7603326439857483,0.31549081206321716,3.076923167100176e-05,,,,,,,,,15,,,,0.0007349676452577114,0.0008947969181463122,0.015982942655682564,0.0007578537915833294,7999,,,,,,,,,,,,,,
9387.033194055,220,1790070578.7809007,,,,,0.9802812337875366,0.9874033331871033,0.5876230597496033,0.4931083023548126,0.8359979391098022,0.9358318448066711,0,0.00048301886999979615,16,,,,,,,,8499,0.4805999994277954,0.4830000102519989,0.0014068138552829623,5.812082290649414,6.780974388122559,,,0.0011280202306807041,0.0010578002547845244,0.00133963068947196,0.022067254409193993,0.021402085199952126,0.0008671616669744253,0.0008924053981900215
9391.898864949,221,1790070583.6462495,0.8838932514190674,0.7413637042045593,0.34450775384902954,0,,,,,,,,,16,,,,0.0007443700451403856,0.0009048255742527544,0.016045471653342247,0.0008058355888351798,8499,,,,,,,,,,,,,,
9936.310616648,233,1790071128.058328,,,,,0.9787017703056335,0.9878687262535095,0.5981956124305725,0.5008289217948914,0.822996973991394,0.9341164827346802,0,0.00048301886999979615,17,,,,,,,,8999,0.47999998927116394,0.48420000076293945,0.0014846543781459332,5.875979900360107,6.760561943054199,,,0.001207836321555078,0.0011593778617680073,0.0014508363092318177,0.021805839613080025,0.02238527499139309,0.0009467147756367922,0.000900290091522038
9941.9551665,234,1790071133.7025142,0.8778512477874756,0.7434587478637695,0.3421272039413452,0,,,,,,,,,17,,,,0.0007285332540050149,0.0008885756833478808,0.016004281118512154,0.0007760263397358358,8999,,,,,,,,,,,,,,
10486.539714903,246,1790071678.2873967,,,,,0.9763444066047668,0.9878687262535095,0.533186137676239,0.5075581073760986,0.8467708230018616,0.93015456199646,0.0005333333392627537,0.00048301886999979615,18,,,,,,,,9499,0.4708000123500824,0.4848000109195709,0.0014475412899628282,5.680849552154541,6.741501331329346,,,0.001163633307442069,0.0011581906583160162,0.0014483530540019274,0.022709954530000687,0.02227473072707653,0.0008053461788222194,0.000822247879114002
10491.882740559,247,1790071683.6301284,0.8754734992980957,0.7545469403266907,0.30602937936782837,0,,,,,,,,,18,,,,0.0007156219216994941,0.0008764720987528563,0.01608499512076378,0.000801574089564383,9499,,,,,,,,,,,,,,
11084.769547111,265,1790072276.517267,,,,,0.9818339943885803,0.9872869253158569,0.6302922368049622,0.5099700689315796,0.7674866914749146,0.9276185631752014,0,0.00048301886999979615,19,,,,,,,,9999,0.47540000081062317,0.4846999943256378,0.007453420199453831,5.958887100219727,6.722832679748535,0.006052015349268913,0.006070573814213276,0.0011279116151854396,0.0010427437955513597,0.007397894281893969,0.021390404552221298,0.02173473872244358,0.0008036491344682872,0.000757410831283778
11087.965101735,266,1790072279.7121546,0.8752391338348389,0.754684329032898,0.33612731099128723,0,,,,,,,,,19,,,,0.0007268793415278196,0.0008888160227797925,0.016193656250834465,0.0007637880044057965,9999,,,,,,,,,,,,,,
11746.789143055,278,1790072938.5368621,,,,,0.9690359234809875,0.9892358183860779,0.3772425949573517,0.7686604261398315,0.7665221095085144,0.8139964938163757,0.9512367248535156,0,20,,,,,,,,10499,0.6126999855041504,0.51419997215271,0.002997687552124262,3.9140191078186035,7.127545356750488,0.0015410811174660921,0.00749652273952961,0.0011953290086239576,0.001136914361268282,0.008924812078475952,0.02221374586224556,0.022010203450918198,0.000978301977738738,0.0008917647646740079
11751.945543694,279,1790072943.6930046,0.8225494027137756,0.6099851131439209,0.5725500583648682,0.7635818719863892,,,,,,,,,20,0.692007839679718,1.1075760126113892,0.0022422117181122303,0.0008732230635359883,0.00328799313865602,0.01614820398390293,0.000783765222877264,10499,,,,,,,,,,,,,,
12425.039053911,291,1790073616.7867677,,,,,0.9699419736862183,0.9886764883995056,0.3638928234577179,0.8395503759384155,0.7977957725524902,0.6769332885742188,0.9560524225234985,0,21,,,,,,,,10999,0.6172000169754028,0.5012000203132629,0.002833676990121603,4.159267425537109,7.504731178283691,0.0014511224580928683,0.008599739521741867,0.00112502824049443,0.0011871944880113006,0.010079026222229004,0.021593423560261726,0.021704424172639847,0.0008000344969332218,0.0006823401199653745
12427.351477372,292,1790073619.0988543,0.866584837436676,0.702842116355896,0.678326427936554,0.8983519077301025,,,,,,,,,21,0.7864687442779541,0.5877652168273926,0.001196958706714213,0.0007136273779906332,0.002077516634017229,0.016105324029922485,0.0008185060578398407,10999,,,,,,,,,,,,,,
13090.305338482,304,1790074282.053056,,,,,0.9586675763130188,0.9886764883995056,0.3057534694671631,0.8629375100135803,0.7727181911468506,0.5939108729362488,0.9653488993644714,0,22,,,,,,,,11499,0.6000999808311462,0.489300012588501,0.0029917496722191572,4.086067199707031,7.656443119049072,0.001576435985043645,0.009071617387235165,0.0011552495416253805,0.0012263125972822309,0.01059581246227026,0.02192036062479019,0.02213180810213089,0.000858082203194499,0.0009925171034410596
13093.586473247,305,1790074285.3338706,0.8714326024055481,0.7205785512924194,0.7033648490905762,0.9205479025840759,,,,,,,,,22,0.8037890791893005,0.542227566242218,0.0011102610733360052,0.0006975578144192696,0.001975522842258215,0.016228051856160164,0.0007802729960530996,11499,,,,,,,,,,,,,,
13755.05637293,317,1790074946.8040853,,,,,0.966736912727356,0.9886764883995056,0.3367413878440857,0.8698570132255554,0.735840916633606,0.5577754974365234,0.970441997051239,0,23,,,,,,,,11999,0.6018000245094299,0.48339998722076416,0.0032502140384167433,4.2243170738220215,7.641706943511963,0.0018512234091758728,0.009112667292356491,0.0011285230284556746,0.0011100522242486477,0.01051605585962534,0.022822439670562744,0.021691743284463882,0.0010179702658206224,0.0008854815387167037
13758.30946481,318,1790074950.0567255,0.8759980797767639,0.7314959764480591,0.713168740272522,0.9331940412521362,,,,,,,,,23,0.8135077953338623,0.5161918997764587,0.0010595296043902636,0.0006884441245347261,0.0019140442600473762,0.016090843826532364,0.0007930257706902921,11999,,,,,,,,,,,,,,
14425.475619283,330,1790075617.2233284,,,,,0.9681717753410339,0.9886764883995056,0.3239516615867615,0.871127724647522,0.7044426798820496,0.5457913279533386,0.9725458025932312,0,24,,,,,,,,12499,0.5935999751091003,0.4812000095844269,0.003522481070831418,4.3340229988098145,7.528461933135986,0.0020837218035012484,0.00889313779771328,0.001172032323665917,0.001168578863143921,0.010359997861087322,0.022338727489113808,0.02229975163936615,0.0008952678763307631,0.0008967499015852809
14428.618839156,331,1790075620.3655639,0.8773121237754822,0.7349689602851868,0.7189061045646667,0.9387938380241394,,,,,,,,,24,0.8172890543937683,0.5014429688453674,0.0010387296788394451,0.0006846384494565427,0.001888587954454124,0.01602056622505188,0.0007902805809862912,12499,,,,,,,,,,,,,,
15098.810893836,343,1790076290.5585947,,,,,0.9664291739463806,0.9876721501350403,0.3304750919342041,0.8732137680053711,0.8155223727226257,0.5458210706710815,0.9614607691764832,0,25,,,,,,,,12999,0.6140000224113464,0.4814999997615814,0.0027683291118592024,4.183751583099365,7.340918064117432,0.0013546244008466601,0.008491180837154388,0.001151400269009173,0.0011457119835540652,0.009931066073477268,0.022046703845262527,0.022076724097132683,0.0008217639988288283,0.0007805032073520124
15101.765101483,344,1790076293.512589,0.8769224882125854,0.7352993488311768,0.7206726670265198,0.9428669214248657,,,,,,,,,25,0.8187500238418579,0.500057578086853,0.001027546590194106,0.0006899022846482694,0.0018837943207472563,0.016134435310959816,0.0007888602558523417,12999,,,,,,,,,,,,,,
15775.522080233,356,1790076967.2697995,,,,,0.9539204835891724,0.9876721501350403,0.290348082780838,0.8712261915206909,0.751587986946106,0.5574895143508911,0.9630612134933472,0,26,,,,,,,,13499,0.5917999744415283,0.48350000381469727,0.0032386970706284046,4.250162601470947,7.116674423217773,0.0018950402736663818,0.007986546494066715,0.0010823303600773215,0.0011242891196161509,0.009396561421453953,0.021882444620132446,0.021455900743603706,0.0008468395099043846,0.0007130500744096935
15778.141073448,357,1790076969.8885524,0.875662088394165,0.7427236437797546,0.7216105461120605,0.9494746327400208,,,,,,,,,26,0.8225390911102295,0.4853784441947937,0.0010052410652861,0.0006822090363129973,0.00185224914457649,0.015994613990187645,0.000798818829935044,13499,,,,,,,,,,,,,,
16438.475878552,369,1790077630.2235572,,,,,0.9704424738883972,0.9882287383079529,0.2903485894203186,0.8714180588722229,0.7266916632652283,0.5811562538146973,0.9658692479133606,0.0014663137262687087,27,,,,,,,,13999,0.5907999873161316,0.4887000024318695,0.003251084126532078,4.526564598083496,6.876482009887695,0.001853324705734849,0.007434693165123463,0.001132657052949071,0.0011507763992995024,0.00887923501431942,0.021983662620186806,0.022499948740005493,0.0007424605428241193,0.0008834509062580764
16441.650722264,370,1790077633.3960311,0.8738616108894348,0.7418406009674072,0.7308894991874695,0.951446533203125,,,,,,,,,27,0.824468731880188,0.4806572198867798,0.000995023176074028,0.0006813330692239106,0.0018408808391541243,0.015971891582012177,0.000751415325794369,13999,,,,,,,,,,,,,,
17115.974636843,382,1790078307.7223387,,,,,0.94720458984375,0.9877632856369019,0.2612237334251404,0.8691262006759644,0.7860395312309265,0.6019067168235779,0.9651181697845459,0.0019682745914906263,28,,,,,,,,14499,0.5916000008583069,0.49239999055862427,0.0030721051152795553,3.9663166999816895,6.625310897827148,0.0016710994532331824,0.00684758136048913,0.0011487704468891025,0.0011317710159346461,0.008265843614935875,0.02125726081430912,0.022023838013410568,0.0007421371410600841,0.0008211862295866013
17118.966227708,383,1790078310.7131653,0.8767911195755005,0.7413521409034729,0.7298714518547058,0.9525299668312073,,,,,,,,,28,0.8248984217643738,0.4790027439594269,0.000996070564724505,0.0006904723704792559,0.0018515344709157944,0.016020167618989944,0.0007581558893434703,14499,,,,,,,,,,,,,,
17785.037499333,395,1790078976.7852101,,,,,0.9613444209098816,0.9872185587882996,0.31151890754699707,0.864198625087738,0.799872636795044,0.6300963163375854,0.9613942503929138,0.004043819848448038,29,,,,,,,,14999,0.6062999963760376,0.4973999857902527,0.0030345292761921883,3.966785430908203,6.364553451538086,0.0016303739976137877,0.006242154166102409,0.0011390512809157372,0.0011570017086341977,0.007686307653784752,0.022543607279658318,0.022350594401359558,0.0008018867229111493,0.0007751297671347857
17788.25912949,396,1790078980.0062776,0.87583327293396,0.749760627746582,0.7310136556625366,0.955138087272644,,,,,,,,,29,0.8279218673706055,0.47143396735191345,0.000982749741524458,0.000688215543050319,0.0018363601993769407,0.01606808602809906,0.000788593664765358,14999,,,,,,,,,,,,,,
18447.863197926,408,1790079639.6109028,,,,,0.9735050797462463,0.9872185587882996,0.37104445695877075,0.8598878979682922,0.7809514999389648,0.6612342000007629,0.9666004776954651,0.02129451371729374,30,,,,,,,,15499,0.618399977684021,0.5062999725341797,0.0031372334342449903,3.978353500366211,6.121735095977783,0.0017095546936616302,0.005656468216329813,0.001153816469013691,0.0010232448112219572,0.006956287194043398,0.0234078262001276,0.02153588831424713,0.000990273430943489,0.0007054448942653835
18450.944700077,409,1790079642.6920507,0.881458044052124,0.7471864819526672,0.7339372634887695,0.9563512802124023,,,,,,,,,30,0.8295937776565552,0.46362680196762085,0.0009738416410982609,0.0006813418003730476,0.001819842029362917,0.01600213348865509,0.0007895517628639936,15499,,,,,,,,,,,,,,
19120.354326119,421,1790080312.102021,,,,,0.9640694260597229,0.9872185587882996,0.29276522994041443,0.8536768555641174,0.7386663556098938,0.6911436915397644,0.9692951440811157,0.05840971693396568,31,,,,,,,,15999,0.5934000015258789,0.5184000134468079,0.0032549446914345026,4.327508449554443,5.893577575683594,0.0019217252265661955,0.005088299047201872,0.0010743640596047044,0.001063310424797237,0.006429960485547781,0.021558022126555443,0.021941563114523888,0.0007504163077101111,0.0008434279588982463
19126.191205299,422,1790080317.9386737,0.8763940930366516,0.7423859238624573,0.7339321970939636,0.9589179754257202,,,,,,,,,31,0.8275937438011169,0.4682008624076843,0.0009674475295469165,0.0006912836688570678,0.001824406674131751,0.01609942689538002,0.0008132801740430295,15999,,,,,,,,,,,,,,
19801.545262341,434,1790080993.2929766,,,,,0.9749319553375244,0.9867695569992065,0.34699010848999023,0.8406185507774353,0.803084135055542,0.7160542011260986,0.957114040851593,0.11695832759141922,32,,,,,,,,16499,0.6161999702453613,0.5324000120162964,0.0028766258619725704,4.085424900054932,5.671578884124756,0.001479092170484364,0.004545205272734165,0.0011346049141138792,0.001093306695111096,0.0059219649992883205,0.02220744825899601,0.022673776373267174,0.0009129056124947965,0.001120752072893083
19807.504982814,435,1790080999.25233,0.8786646723747253,0.7498070001602173,0.7397738099098206,0.9586113691329956,,,,,,,,,32,0.8316640853881836,0.46216410398483276,0.0009605046943761408,0.0006782702985219657,0.0018043123418465257,0.01609172113239765,0.0007841888000257313,16499,,,,,,,,,,,,,,
20492.82522455,447,1790081684.5721989,,,,,0.9509907364845276,0.9871962070465088,0.3053019642829895,0.8288832306861877,0.6845391392707825,0.741588294506073,0.9743909239768982,0.19048801064491272,33,,,,,,,,16999,0.583299994468689,0.5498999953269958,0.0037348174955695868,3.9658942222595215,5.474352836608887,0.0023999421391636133,0.004063277505338192,0.0010810020612552762,0.0010354446712881327,0.0053756358101964,0.02142149955034256,0.022217031568288803,0.0008830893784761429,0.0007949466817080975
20498.336520937,448,1790081690.0840197,0.8777462244033813,0.7463306784629822,0.7373689413070679,0.9610317349433899,,,,,,,,,33,0.8307812213897705,0.4600278437137604,0.0009598933975212276,0.0006687228451482952,0.0017922262195497751,0.015900975093245506,0.0007238160469569266,16999,,,,,,,,,,,,,,
21167.343676436,460,1790082359.0913882,,,,,0.9704074263572693,0.986769437789917,0.4125248193740845,0.8202225565910339,0.7421152591705322,0.7679570913314819,0.9595659971237183,0.2785702645778656,34,,,,,,,,17499,0.6168000102043152,0.5709999799728394,0.0032971142791211605,3.9708175659179688,5.299961566925049,0.0018645115196704865,0.003636348294094205,0.0011677913134917617,0.0010457795578986406,0.004960308782756329,0.022510336712002754,0.022518044337630272,0.0009116149740293622,0.0007505835965275764
21172.294757618,461,1790082364.04229,0.8767773509025574,0.7515707015991211,0.7420774102210999,0.9619470834732056,,,,,,,,,34,0.8331562280654907,0.4553002715110779,0.0009523391490802169,0.0006838874542154372,0.001801997539587319,0.01612178422510624,0.0007943576201796532,17499,,,,,,,,,,,,,,
21840.201111005,473,1790083031.9487975,,,,,0.9671092629432678,0.986769437789917,0.2660309970378876,0.7990726828575134,0.6666178107261658,0.7856842279434204,0.9738390445709229,0.3808169960975647,35,,,,,,,,17999,0.574999988079071,0.590499997138977,0.004041548352688551,4.127665042877197,5.1502909660339355,0.0026190336793661118,0.0032596755772829056,0.001163054839707911,0.0011103564174845815,0.004646993242204189,0.021818341687321663,0.02254597842693329,0.0008946467423811555,0.0009274111944250762
21845.051234751,474,1790083036.7980103,0.8811957836151123,0.7491509914398193,0.7419387102127075,0.9627881646156311,,,,,,,,,35,0.8338359594345093,0.4519186019897461,0.0009517365251667798,0.0006742481491528451,0.001790439011529088,0.0159935113042593,0.0008111830102279782,17999,,,,,,,,,,,,,,
22511.473207465,486,1790083703.220906,,,,,0.9693392515182495,0.986769437789917,0.32892030477523804,0.7854410409927368,0.7804693579673767,0.7978677749633789,0.9643767476081848,0.486873984336853,36,,,,,,,,18499,0.6082000136375427,0.6108999848365784,0.0030933867674320936,3.882805109024048,5.009596347808838,0.0016668974421918392,0.0029289834201335907,0.0011644131736829877,0.0010478878393769264,0.004249934572726488,0.0223248228430748,0.02229676954448223,0.000823118316475302,0.0008614365360699594
22526.033503971,487,1790083717.7807345,0.8781440258026123,0.7540769577026367,0.7423380613327026,0.9642031192779541,,,,,,,,,36,0.8347343802452087,0.45036420226097107,0.0009444628958590329,0.0006776623195037246,0.0017880472587421536,0.01614188216626644,0.0007867504609748721,18499,,,,,,,,,,,,,,
23195.331243234,499,1790084387.0789301,,,,,0.9587193131446838,0.986769437789917,0.31288212537765503,0.774092972278595,0.767542839050293,0.812023937702179,0.9687261581420898,0.5660037398338318,37,,,,,,,,18999,0.6011999845504761,0.6273999810218811,0.003252069465816021,3.618647336959839,4.893673419952393,0.0018873594235628843,0.0026579657569527626,0.0011103283613920212,0.0010188540909439325,0.003947797231376171,0.02181953378021717,0.022204091772437096,0.0009006480104289949,0.000776073953602463
23205.097851532,500,1790084396.8452675,0.8810942769050598,0.7508496046066284,0.7467523217201233,0.9648705720901489,,,,,,,,,37,0.835867166519165,0.444784939289093,0.000942790589760989,0.000667409913148731,0.0017747762612998486,0.01601271517574787,0.0007517299964092672,18999,,,,,,,,,,,,,,
23874.393207418,512,1790085066.1409178,,,,,0.9675614237785339,0.9862574934959412,0.3334760367870331,0.7627686262130737,0.7279178500175476,0.8229590654373169,0.9693120121955872,0.6423709988594055,38,,,,,,,,19499,0.5996999740600586,0.6424999833106995,0.003362914314493537,3.8274340629577637,4.790457248687744,0.0019935090094804764,0.0024275225587189198,0.0011180441360920668,0.0009625497041270137,0.003652747254818678,0.02130868099629879,0.021477075293660164,0.000862551387399435,0.0007597027579322457
23882.83405853,513,1790085074.5814643,0.877886950969696,0.7545942664146423,0.7435573935508728,0.9649885296821594,,,,,,,,,38,0.8354374766349792,0.4475819170475006,0.0009407082688994706,0.00067322509130463,0.0017791412537917495,0.016073206439614296,0.0008313303696922958,19499,,,,,,,,,,,,,,
24605.365677248,532,1790085797.113385,,,,,0.9779542088508606,0.9866840839385986,0.30508551001548767,0.7463653087615967,0.7684258222579956,0.8394896388053894,0.9664108157157898,0.6993998289108276,39,,,,,,,,19999,0.6035000085830688,0.6536999940872192,0.0031795180402696133,3.9874472618103027,4.695002555847168,0.0017709194216877222,0.0022295748349279165,0.0011367195984348655,0.0010611137840896845,0.00356470188125968,0.023200510069727898,0.022706368938088417,0.0010129549773409963,0.0010006759548559785
24611.379007617,533,1790085803.126508,0.8799794316291809,0.7523294687271118,0.7419189810752869,0.9659906625747681,,,,,,,,,39,0.8350468873977661,0.4487805962562561,0.0009364233701489866,0.0006663633976131678,0.0017663524486124516,0.01590782217681408,0.0007626262377016246,19999,,,,,,,,,,,,,,
25279.064706428,545,1790086470.812418,,,,,0.9691548943519592,0.9866840839385986,0.3268672227859497,0.7296125888824463,0.6962035298347473,0.8471139669418335,0.9690337777137756,0.7437965869903564,40,,,,,,,,20499,0.5924999713897705,0.6607999801635742,0.003487601177766919,3.559908628463745,4.617504596710205,0.002115703886374831,0.002068938920274377,0.0011220371816307306,0.001036984147503972,0.003371101338416338,0.021426107734441757,0.021900389343500137,0.0008303379290737212,0.00070359738310799
25284.347337133,546,1790086476.0947316,0.8753471970558167,0.7564525008201599,0.7465516328811646,0.9679256677627563,,,,,,,,,40,0.8365156054496765,0.44480347633361816,0.0009293184848502278,0.000670941430144012,0.001765036373399198,0.01603284850716591,0.0008406581473536789,20499,,,,,,,,,,,,,,
25957.071895957,558,1790087148.8196075,,,,,0.9730002880096436,0.9866840839385986,0.32860955595970154,0.7125312685966492,0.8067660331726074,0.8590618968009949,0.950642466545105,0.7818078994750977,41,,,,,,,,20999,0.6115999817848206,0.6672999858856201,0.0027021390851587057,3.4788901805877686,4.552389144897461,0.0013836290454491973,0.0019342537270858884,0.0010731875663623214,0.0010015858570113778,0.0031952019780874252,0.02105335332453251,0.021383844316005707,0.0006560769979842007,0.000649995869025588
25962.610227944,559,1790087154.357717,0.8774352073669434,0.7559351325035095,0.7445003390312195,0.9676199555397034,,,,,,,,,41,0.836539089679718,0.4435683488845825,0.0009272838360629976,0.0006619742489419878,0.0017535118386149406,0.015981899574398994,0.0007949910359457135,20999,,,,,,,,,,,,,,
26626.530623569,571,1790087818.2782645,,,,,0.9564034938812256,0.9866840839385986,0.2898854613304138,0.6920953989028931,0.7219158411026001,0.8611660003662109,0.9777120351791382,0.8187876343727112,42,,,,,,,,21499,0.5889000296592712,0.6708999872207642,0.003993328660726547,4.007020473480225,4.501162528991699,0.0026281094178557396,0.0018228086410090327,0.001103774644434452,0.0009505394264124334,0.0030353583861142397,0.022137422114610672,0.02169988304376602,0.0007507767877541482,0.0008159614517353475
26632.839159403,572,1790087824.5866446,0.8785169124603271,0.7572572827339172,0.7461958527565002,0.9674795866012573,,,,,,,,,42,0.8376796841621399,0.44146114587783813,0.0009239509818144143,0.000665073050186038,0.0017546415328979492,0.016120318323373795,0.0008034390048123896,21499,,,,,,,,,,,,,,
27297.84210377,584,1790088489.5897815,,,,,0.9609754085540771,0.9866840839385986,0.2208797186613083,0.6752052903175354,0.6913067102432251,0.8635591864585876,0.9733542203903198,0.8387293219566345,43,,,,,,,,21999,0.5694000124931335,0.6721000075340271,0.003655706299468875,4.311131477355957,4.457046031951904,0.0022502958308905363,0.0017292253905907273,0.0011395297478884459,0.0010352240642532706,0.0030305436812341213,0.02227695658802986,0.022152377292513847,0.0009594463626854122,0.0010098721832036972
27301.855744216,585,1790088493.6028774,0.879116952419281,0.7555449604988098,0.7488977313041687,0.9676129221916199,,,,,,,,,43,0.8376640677452087,0.4423956274986267,0.000929460977204144,0.0006653133314102888,0.0017603076994419098,0.016110913828015327,0.0008217596914619207,21999,,,,,,,,,,,,,,
27969.793796382,597,1790089161.5415075,,,,,0.9613184332847595,0.9871333241462708,0.2530428171157837,0.6641445755958557,0.6189363598823547,0.8645774126052856,0.9779284000396729,0.8612979650497437,44,,,,,,,,22499,0.5625,0.6747000217437744,0.0042038061656057835,4.35015344619751,4.416971683502197,0.002764507895335555,0.0016502132639288902,0.001177988713607192,0.0009923094185069203,0.002907502930611372,0.02178081125020981,0.022080983966588974,0.0007534198230132461,0.0008053909987211227
27975.994365972,598,1790089167.7409406,0.8799886703491211,0.763424813747406,0.749226987361908,0.9708826541900635,,,,,,,,,44,0.8407890796661377,0.43638527393341064,0.0009242438245564699,0.0006639627390541136,0.0017551970668137074,0.016262559220194817,0.0008527141762897372,22499,,,,,,,,,,,,,,
28645.175971527,610,1790089836.9236212,,,,,0.9701557755470276,0.9871333241462708,0.2694365084171295,0.6491931080818176,0.6924337148666382,0.8684917092323303,0.972792387008667,0.8742140531539917,45,,,,,,,,22999,0.5809999704360962,0.675000011920929,0.0036779968068003654,4.055120468139648,4.381202697753906,0.0022641841787844896,0.0015831165947020054,0.0011461104732006788,0.0010590901365503669,0.002915013814345002,0.02271518111228943,0.02289954200387001,0.0009784006979316473,0.0009250817238353193
28651.357068891,611,1790089843.1043477,0.8789969682693481,0.7586585283279419,0.7521308064460754,0.969680905342102,,,,,,,,,45,0.8401093482971191,0.43492233753204346,0.0009162031346932054,0.0006598947220481932,0.0017398056806996465,0.015935910865664482,0.0007570499437861145,22999,,,,,,,,,,,,,,
29321.433468485,623,1790090513.1811783,,,,,0.9647327065467834,0.9875598549842834,0.32413679361343384,0.6334254145622253,0.7894940972328186,0.8693050742149353,0.9597674608230591,0.8850659132003784,46,,,,,,,,23499,0.6075999736785889,0.6743999719619751,0.0028510510455816984,3.706634283065796,4.3513569831848145,0.0014276379952207208,0.0015263200039044023,0.001160524901933968,0.0009912904351949692,0.0027805641293525696,0.022582171484827995,0.021943992003798485,0.0009396492969244719,0.0008969040936790407
29325.055215279,624,1790090516.802352,0.8784105181694031,0.7569169998168945,0.7518796324729919,0.969986081123352,,,,,,,,,46,0.8394452929496765,0.4374978840351105,0.0009110902319662273,0.000660695368424058,0.0017367788823321462,0.016061818227171898,0.0007830449030734599,23499,,,,,,,,,,,,,,
29995.921653069,636,1790091187.6693287,,,,,0.9648893475532532,0.9875598549842834,0.2375669628381729,0.6151556372642517,0.7626819610595703,0.8675471544265747,0.9653170704841614,0.8979907035827637,47,,,,,,,,23999,0.5861999988555908,0.6729999780654907,0.00319926580414176,4.034782886505127,4.325663089752197,0.0018467445624992251,0.0014781195204705,0.0010936647886410356,0.0009487892384640872,0.0026874004397541285,0.02185085043311119,0.02172347716987133,0.0008272348204627633,0.0008211135864257812
29999.116193404,637,1790091190.8628514,0.8820505738258362,0.762728214263916,0.7503588795661926,0.9717453718185425,,,,,,,,,47,0.8417109251022339,0.43187931180000305,0.0009121407638303936,0.000651088310405612,0.001727039460092783,0.01594923622906208,0.0007400364265777171,23999,,,,,,,,,,,,,,
30660.706096108,649,1790091852.453803,,,,,0.9729524254798889,0.9871333241462708,0.38388296961784363,0.5999646186828613,0.8038556575775146,0.8668293952941895,0.9636750817298889,0.9052476286888123,48,,,,,,,,24499,0.6248999834060669,0.6712999939918518,0.002991919871419668,3.6159868240356445,4.300124645233154,0.00157481140922755,0.0014381222426891327,0.0011645883787423372,0.0009667022968642414,0.0026690266095101833,0.02163604646921158,0.022120105102658272,0.0008572476217523217,0.0009420146816410124
30663.966095772,650,1790091855.7131624,0.8819420337677002,0.7579660415649414,0.7533732056617737,0.9711542129516602,,,,,,,,,48,0.8411172032356262,0.43354764580726624,0.0009134862339124084,0.000666379346512258,0.001745808869600296,0.016160784289240837,0.000836584425996989,24499,,,,,,,,,,,,,,
31328.276395414,662,1790092520.0240936,,,,,0.9592077136039734,0.987598717212677,0.27276507019996643,0.5882360935211182,0.7507429718971252,0.8695118427276611,0.9741458892822266,0.9099677801132202,49,,,,,,,,24999,0.5916000008583069,0.6704999804496765,0.0032367005478590727,3.8388843536376953,4.278606414794922,0.0018538619624450803,0.0014054517960175872,0.0011255055433139205,0.0009680903167463839,0.002636947436258197,0.021894412115216255,0.022061899304389954,0.0009148416575044394,0.0008872678736224771
31331.799113562,663,1790092523.5462334,0.8820155262947083,0.7596688866615295,0.7547301054000854,0.9701029062271118,,,,,,,,,49,0.8417578339576721,0.4326183497905731,0.0009095301502384245,0.0006493330583907664,0.001722796936519444,0.015960777178406715,0.0007611409528180957,24999,,,,,,,,,,,,,,
31998.749029176,675,1790093190.4967284,,,,,0.9532730579376221,0.9871720671653748,0.27409082651138306,0.5742248892784119,0.7361452579498291,0.8683875799179077,0.9758803844451904,0.9159552454948425,50,,,,,,,,25499,0.588100016117096,0.6686000227928162,0.0035980355460196733,4.139446258544922,4.2606611251831055,0.0021644546650350094,0.001375329913571477,0.0011730114929378033,0.0009425769676454365,0.002576407277956605,0.021917441859841347,0.02158934436738491,0.0009091256069950759,0.0007856974261812866
32002.751310371,676,1790093194.4983485,0.8812804222106934,0.7651404738426208,0.7544010877609253,0.9711730480194092,,,,,,,,,50,0.8429765701293945,0.4327702820301056,0.0009099537273868918,0.0006521557806991041,0.001726023037917912,0.015958592295646667,0.0007510929135605693,25499,,,,,,,,,,,,,,
32671.158327642,688,1790093862.906045,,,,,0.9655923843383789,0.9861677885055542,0.2914500832557678,0.5618534684181213,0.7617519497871399,0.8662459850311279,0.9691662788391113,0.9221134781837463,51,,,,,,,,25999,0.597599983215332,0.6668999791145325,0.0031752486247569323,3.8162600994110107,4.247490882873535,0.0018351977923884988,0.001352589693851769,0.0010852932464331388,0.0009316474897786975,0.0025391881354153156,0.0216594859957695,0.02124761790037155,0.0008358955383300781,0.0006650295108556747
32674.824207766,689,1790093866.5714507,0.881379246711731,0.7594843506813049,0.7504447102546692,0.971670389175415,,,,,,,,,51,0.8407421708106995,0.43283313512802124,0.0009057504357770085,0.0006533940322697163,0.0017259926535189152,0.016251875087618828,0.000831654469948262,25999,,,,,,,,,,,,,,
33343.236135743,701,1790094534.9838285,,,,,0.9566624164581299,0.9861677885055542,0.25918659567832947,0.5459508299827576,0.7854426503181458,0.8648583292961121,0.9759507775306702,0.9277603626251221,52,,,,,,,,26499,0.5954999923706055,0.6644999980926514,0.0033165435306727886,3.923933506011963,4.234550952911377,0.001939232461154461,0.0013347555650398135,0.0011181248119100928,0.0009518643491901457,0.0025435511488467455,0.02199474908411503,0.021458618342876434,0.0008177005802281201,0.0007703418959863484
33346.769333102,702,1790094538.5165906,0.8811416029930115,0.7649469971656799,0.7545449137687683,0.9722692966461182,,,,,,,,,52,0.8433125019073486,0.4289507269859314,0.0009027491905726492,0.0006447561318054795,0.0017104692524299026,0.015867330133914948,0.0007928420673124492,26499,,,,,,,,,,,,,,
34017.887016649,714,1790095209.6347036,,,,,0.9693061709403992,0.985693633556366,0.31993189454078674,0.5368266701698303,0.7411084175109863,0.8649080991744995,0.9740443229675293,0.9325128793716431,53,,,,,,,,26999,0.6011999845504761,0.6636999845504761,0.0035115950740873814,3.97554874420166,4.223074436187744,0.0021259821951389313,0.0013188436860218644,0.001125095528550446,0.0009311479516327381,0.0025108149275183678,0.02207612432539463,0.021859239786863327,0.0008570338250137866,0.0009678662172518671
34021.302274019,715,1790095213.0495865,0.8788030743598938,0.7589250802993774,0.7542920708656311,0.9740011692047119,,,,,,,,,53,0.841476559638977,0.42848166823387146,0.0009028558270074427,0.0006462081801146269,0.0017148040933534503,0.016145503148436546,0.0008415512857027352,26999,,,,,,,,,,,,,,
34689.798474908,727,1790095881.5461814,,,,,0.9676755666732788,0.9857634902000427,0.26423463225364685,0.5203766226768494,0.724849283695221,0.8590189218521118,0.9671766757965088,0.9386440515518188,54,,,,,,,,27499,0.5849000215530396,0.6607000231742859,0.003539168508723378,4.021732807159424,4.211855411529541,0.0020924045238643885,0.0013093461748212576,0.001178627833724022,0.0009031518711708486,0.0024716926272958517,0.02279190719127655,0.021707572042942047,0.0008816464687697589,0.0008239287417382002
34693.293207451,728,1790095885.040496,0.8802208304405212,0.7658567428588867,0.7529599070549011,0.9726323485374451,,,,,,,,,54,0.8427968621253967,0.4291682541370392,0.0009040983277373016,0.0006469069630838931,0.0017156584654003382,0.01603606902062893,0.0008091182680800557,27499,,,,,,,,,,,,,,
35359.238490723,740,1790096550.9861965,,,,,0.9599701166152954,0.9857634902000427,0.3163427412509918,0.5104102492332458,0.7139411568641663,0.8553811311721802,0.9783340692520142,0.9419630169868469,55,,,,,,,,27999,0.593999981880188,0.6586999893188477,0.0038118103984743357,3.89856219291687,4.190438747406006,0.0024869265034794807,0.0013022691709920764,0.0010685919551178813,0.0009323604754172266,0.002493561478331685,0.021730633452534676,0.021702762693166733,0.0008717873715795577,0.0008878303342498839
35362.568392887,741,1790096554.3157046,0.8794537782669067,0.7624054551124573,0.754095196723938,0.9742031097412109,,,,,,,,,55,0.8425468802452087,0.4287922978401184,0.0009000045829452574,0.0006495431298390031,0.0017141165444627404,0.016028033569455147,0.0007799776503816247,27999,,,,,,,,,,,,,,
36027.888510797,753,1790097219.6362138,,,,,0.9591398239135742,0.9857634902000427,0.3031020164489746,0.504645586013794,0.8023408055305481,0.8526095747947693,0.9667336940765381,0.9455306529998779,56,,,,,,,,28499,0.6062999963760376,0.657800018787384,0.002990038599818945,3.538585901260376,4.17201042175293,0.0016358377179130912,0.0012984104687348008,0.0010983366519212723,0.0009278990910388529,0.002479621209204197,0.022047795355319977,0.02115909568965435,0.0009040635195560753,0.00065757887205109
36031.4942491,754,1790097223.241562,0.8814388513565063,0.7608422040939331,0.7524817585945129,0.974216639995575,,,,,,,,,56,0.8421875238418579,0.4280948340892792,0.0009003664599731565,0.000651614333037287,0.0017160363495349884,0.01597747579216957,0.0007563951658084989,28499,,,,,,,,,,,,,,
36703.52483378,766,1790097895.2725394,,,,,0.9617512822151184,0.9857634902000427,0.326766699552536,0.5000155568122864,0.6970100998878479,0.849416971206665,0.9688127636909485,0.9488394260406494,57,,,,,,,,28999,0.5910000205039978,0.6567999720573425,0.003646119963377714,3.827298402786255,4.152997016906738,0.0023122583515942097,0.00129805039614439,0.0010799677111208439,0.0009307070868089795,0.002484637312591076,0.021562151610851288,0.021434972062706947,0.0008062378619797528,0.0007289377972483635
36706.864768388,767,1790097898.612228,0.8814255595207214,0.7622076272964478,0.7555059790611267,0.9734118580818176,,,,,,,,,57,0.8431718945503235,0.42569902539253235,0.0008998257690109313,0.000644338084384799,0.001707697520032525,0.015927646309137344,0.0007641882984898984,28999,,,,,,,,,,,,,,
37379.516087689,779,1790098571.2637978,,,,,0.9555969834327698,0.9852712154388428,0.2681531608104706,0.49490147829055786,0.7150198817253113,0.8456428647041321,0.9748028516769409,0.9516197443008423,58,,,,,,,,29499,0.5834000110626221,0.6556000113487244,0.0036070269998162985,3.9673385620117188,4.136794090270996,0.0021669273264706135,0.001298809889703989,0.001174658304080367,0.0009886423358693719,0.0025507700629532337,0.02257683500647545,0.02219494618475437,0.0009287839639000595,0.0007943568052724004
37382.766587703,780,1790098574.5138383,0.8810277581214905,0.7588896155357361,0.7578575611114502,0.9752772450447083,,,,,,,,,58,0.8433281183242798,0.42462992668151855,0.0008967795874923468,0.0006399552221409976,0.0017024909611791372,0.01615096628665924,0.0008044464630074799,29499,,,,,,,,,,,,,,
38107.036106119,799,1790099298.7838154,,,,,0.9750022292137146,0.9847971796989441,0.2548142671585083,0.4854957163333893,0.7414517402648926,0.8468772172927856,0.971015214920044,0.9527348875999451,59,,,,,,,,29999,0.5888000130653381,0.65420001745224,0.00332656130194664,4.023061752319336,4.125450134277344,0.0019970282446593046,0.0013005664804950356,0.0010759724536910653,0.0009157814783975482,0.002472620690241456,0.021333033218979836,0.021501829847693443,0.0007201730040833354,0.0008563378360122442
38109.931758121,800,1790099301.6792698,0.8788402080535889,0.7576066851615906,0.7538070678710938,0.9743781685829163,,,,,,,,,59,0.8411562442779541,0.42876920104026794,0.0008983493316918612,0.0006375173688866198,0.0016994752222672105,0.015932142734527588,0.0007375422865152359,29999,,,,,,,,,,,,,,
