_runtime,_step,_timestamp,cl_tasks_train/task0_accuracy_epoch,cl_tasks_train/task1_accuracy_epoch,cl_tasks_val/task0_accuracy,cl_tasks_val/task0_accuracy_ema,cl_tasks_val/task1_accuracy,cl_tasks_val/task1_accuracy_ema,epoch,train/accuracy_epoch,train/loss_classification_epoch,train/loss_classifier_kd_epoch,train/loss_diffusion_kd_epoch,train/loss_epoch,train/loss_simple_epoch,train/loss_vlb_epoch,trainer/global_step,val/accuracy,val/accuracy_ema,val/loss,val/loss_classification,val/loss_classification_ema,val/loss_classifier_kd,val/loss_classifier_kd_ema,val/loss_diffusion_kd,val/loss_diffusion_kd_ema,val/loss_ema,val/loss_simple,val/loss_simple_ema,val/loss_vlb,val/loss_vlb_ema
601.408753735,12,1789763074.8504899,,,0.9975647330284119,0.9973000288009644,0,0,0,,,,,,,,499,0.19949999451637268,0.19949999451637268,0.0022243475541472435,30.383787155151367,34.6208610534668,,,0.0017056447686627507,0.0030752483289688826,0.0036455036606639624,0.021486517041921616,0.02240462228655815,0.0007822852930985391,0.000924991792999208
607.220759821,13,1789763080.6623383,0.9862534403800964,0,,,,,0,,,,0.0017243571346625686,0.0018766262801364064,0.015226954594254494,0.0007185044232755899,499,,,,,,,,,,,,,,
1141.800889705,25,1789763615.2426093,,,0.998013973236084,0.9968076944351196,0,0,1,,,,,,,,999,0.1995999962091446,0.19939999282360077,0.002348806709051132,30.192697525024414,34.40126419067383,,,0.0018243159865960479,0.0028063992504030466,0.003370687598362565,0.02225635014474392,0.022027533501386642,0.0009458460845053196,0.0007336527341976762
1145.063049813,26,1789763618.5041935,0.9854487180709839,0,,,,,1,,,,0.0015191655838862062,0.0016714392695575953,0.015227491036057472,0.000727874634321779,999,,,,,,,,,,,,,,
1679.368299871,38,1789764152.8100069,,,0.9969397187232971,0.9974321126937866,0,0,2,,,,,,,,1499,0.19939999282360077,0.19949999451637268,0.002357980003580451,30.20110321044922,34.14495086669922,,,0.0018283153185620904,0.00246642529964447,0.003027230268344283,0.022765371948480606,0.021935660392045975,0.0009400103590451181,0.0008145149913616478
1682.676582455,39,1789764156.1180427,0.9848153591156006,0,,,,,2,,,,0.0014561964198946953,0.0016081930371001363,0.0151997534558177,0.0007120048976503313,1499,,,,,,,,,,,,,,
2217.53462946,51,1789764690.97636,,,0.9969397187232971,0.9974321126937866,0,0,3,,,,,,,,1999,0.19939999282360077,0.19949999451637268,0.0022671802435070276,28.711877822875977,33.82380676269531,,,0.001764888409525156,0.0025385364424437284,0.0030993076507002115,0.021517310291528702,0.022253256291151047,0.0006181053468026221,0.0007635027286596596
2220.900662182,52,1789764694.3420675,0.9848982095718384,0,,,,,3,,,,0.001417560619302094,0.0015705309342592955,0.015296988189220428,0.0007236336241476238,1999,,,,,,,,,,,,,,
2752.730455587,64,1789765226.1721725,,,0.9969397187232971,0.9974321126937866,0,0,4,,,,,,,,2499,0.19939999282360077,0.19949999451637268,0.002312681870535016,28.770763397216797,33.46757125854492,,,0.0017990851774811745,0.0024302410893142223,0.002987766405567527,0.02258889563381672,0.02228497341275215,0.0009844426531344652,0.000856290222145617
2756.008175408,65,1789765229.4495747,0.9846638441085815,1.5625000742147677e-05,,,,,4,,,,0.0013843224151059985,0.001536860130727291,0.015253749676048756,0.0007493495941162109,2499,,,,,,,,,,,,,,
3288.509958532,77,1789765761.951697,,,0.9969397187232971,0.9974321126937866,0,0,5,,,,,,,,2999,0.19939999282360077,0.19949999451637268,0.002184242010116577,26.87790298461914,33.10673904418945,,,0.001696617342531681,0.002219161484390497,0.0027745915576815605,0.02188459411263466,0.022436318919062614,0.0007997886859811842,0.0010306547628715634
3291.938121275,78,1789765765.3794472,0.983772873878479,0,,,,,5,,,,0.0013490673154592514,0.00150157674215734,0.015250959433615208,0.0007638699025847018,2999,,,,,,,,,,,,,,
3827.474376125,90,1789766300.9160943,,,0.9974321126937866,0.9974321126937866,0,0,6,,,,,,,,3499,0.19949999451637268,0.19949999451637268,0.002220876282081008,26.853975296020508,32.74850845336914,,,0.001727149821817875,0.002046863315626979,0.0025948756374418736,0.02251863107085228,0.022052684798836708,0.0008880755631253123,0.0009573757997713983
3831.00399545,91,1789766304.4454708,0.9831864833831787,0,,,,,6,,,,0.001343457610346377,0.001496427576057613,0.015297101810574532,0.0007654603105038404,3499,,,,,,,,,,,,,,
4365.728109102,103,1789766839.1698418,,,0.9959819316864014,0.9974321126937866,0,0,7,,,,,,,,3999,0.19920000433921814,0.19949999451637268,0.0022292626090347767,27.72746467590332,32.365901947021484,,,0.001734481193125248,0.0021086144261062145,0.0026525703724473715,0.021750694140791893,0.022029727697372437,0.0007518284837715328,0.0007719262503087521
4369.05856724,104,1789766842.500136,0.9815024733543396,0,,,,,7,,,,0.0013098539784550667,0.001462507643736899,0.015265277586877346,0.000782250426709652,3999,,,,,,,,,,,,,,
4903.924444758,116,1789767377.366165,,,0.9966294765472412,0.9974321126937866,0,0,8,,,,,,,,4499,0.19930000603199005,0.19949999451637268,0.0023444020189344883,28.05042266845703,32.036563873291016,,,0.0018374540377408266,0.0018927853088825941,0.0024349167943000793,0.0226444099098444,0.02217652089893818,0.0008285020594485104,0.0008065754664130509
4907.431942295,117,1789767380.8730693,0.9812951683998108,0,,,,,8,,,,0.0012967309448868036,0.0014494245406240225,0.015269340947270393,0.000764357449952513,4499,,,,,,,,,,,,,,
5441.987604369,129,1789767915.429335,,,0.9965400099754333,0.9974321126937866,0,0,9,,,,,,,,4999,0.19930000603199005,0.19949999451637268,0.002219954039901495,27.868635177612305,31.71727752685547,,,0.001717419014312327,0.0019362394232302904,0.0024752377066761255,0.022384824231266975,0.022182488813996315,0.0008420793456025422,0.0008260973263531923
5445.261887111,130,1789767918.7032156,0.9789374470710754,0,,,,,9,,,,0.001274207141250372,0.0014264661585912108,0.015226028859615326,0.0007453792495653033,4999,,,,,,,,,,,,,,
5980.476081285,142,1789768453.91777,,,0.9950875043869019,0.9974321126937866,0,0,10,,,,,,,,5499,0.19900000095367432,0.19949999451637268,0.002366171218454838,26.928184509277344,31.423503875732422,,,0.0018713453318923712,0.001865148777142167,0.002398749580606818,0.022554408758878708,0.02193654701113701,0.0007680720300413668,0.0009089087252505124
5981.272155652,143,1789768454.7135725,0.9789963960647583,0,,,,,10,,,,0.0012641481589525938,0.0014164652675390244,0.015231703408062458,0.000721217948012054,5499,,,,,,,,,,,,,,
6517.558796871,155,1789768991.0005367,,,0.9964474439620972,0.9974321126937866,0,0,11,,,,,,,,5999,0.19930000603199005,0.19949999451637268,0.0022649189922958612,28.823522567749023,31.106260299682617,,,0.001757271820679307,0.001721087610349059,0.0022517447359859943,0.02194112353026867,0.02195943333208561,0.0007702140137553215,0.0007552067982032895
6520.83010865,156,1789768994.2716467,0.9762228727340698,0,,,,,11,,,,0.001259501907043159,0.0014122198335826397,0.015271754004061222,0.0007882192730903625,5999,,,,,,,,,,,,,,
7054.102582849,168,1789769527.5443125,,,0.9955552816390991,0.9974321126937866,0,0,12,,,,,,,,6499,0.19910000264644623,0.19949999451637268,0.002206764416769147,27.626110076904297,30.87958526611328,,,0.0017081937985494733,0.0017305767396464944,0.0022624307312071323,0.02223092131316662,0.022305777296423912,0.0007514871540479362,0.000827931216917932
7057.295834643,169,1789769530.7373743,0.9760604500770569,0,,,,,12,,,,0.0012422618456184864,0.0013940050266683102,0.015174319967627525,0.000712524401023984,6499,,,,,,,,,,,,,,
7590.757112984,181,1789770064.1988451,,,0.9950875043869019,0.9974321126937866,0,0,13,,,,,,,,6999,0.19900000095367432,0.19949999451637268,0.0022234017960727215,27.896699905395508,30.613780975341797,,,0.0017265016213059425,0.0017183494055643678,0.002243335358798504,0.02179335616528988,0.02188478782773018,0.0007480141357518733,0.0008271794067695737
7594.197610031,182,1789770067.639169,0.975498616695404,0,,,,,13,,,,0.0012308406876400113,0.001383065478876233,0.01522244792431593,0.000776267028413713,6999,,,,,,,,,,,,,,
8127.102033555,194,1789770600.543719,,,0.994621992111206,0.9974321126937866,0,0,14,,,,,,,,7499,0.1988999992609024,0.19949999451637268,0.002161173615604639,27.48174285888672,30.39405059814453,,,0.0016619169618934393,0.0016911716666072607,0.0022190348245203495,0.022443968802690506,0.022392282262444496,0.0007727282354608178,0.0009411658975295722
8130.465548627,195,1789770603.907139,0.9763187170028687,0,,,,,14,,,,0.0012166616506874561,0.0013677960960194468,0.015113440342247486,0.0007235642406158149,7499,,,,,,,,,,,,,,
8664.329336476,207,1789771137.7710755,,,0.9957277178764343,0.9974321126937866,0,0,15,,,,,,,,7999,0.19910000264644623,0.19949999451637268,0.00218852236866951,28.140125274658203,30.23340606689453,,,0.0016904391814023256,0.001701205619610846,0.002223437186330557,0.021668175235390663,0.02198977954685688,0.0006769975880160928,0.0008080253610387444
8667.741655016,208,1789771141.183166,0.9746938347816467,0,,,,,15,,,,0.0012093501864001155,0.0013614725321531296,0.015212367288768291,0.000721223303116858,7999,,,,,,,,,,,,,,
9200.146947023,220,1789771673.5886812,,,0.9961130619049072,0.9974321126937866,0,0,16,,,,,,,,8499,0.19920000433921814,0.19949999451637268,0.002169142011553049,26.909408569335938,30.111875534057617,,,0.0016718616243451834,0.0016328126657754183,0.0021521332673728466,0.022818561643362045,0.0218201857060194,0.0010622534900903702,0.0006986541557125747
9203.486323354,221,1789771676.9277434,0.9679231643676758,0,,,,,16,,,,0.001208156580105424,0.0013605731073766947,0.015241601504385471,0.0007444752845913172,8499,,,,,,,,,,,,,,
9737.621148092,233,1789772211.0629013,,,0.9960476756095886,0.9974321126937866,0,0,17,,,,,,,,8999,0.19920000433921814,0.19949999451637268,0.0020595532841980457,25.255146026611328,29.887985229492188,,,0.0015965016791597009,0.0015620817430317402,0.0020835911855101585,0.02105000615119934,0.022262975573539734,0.0007196911610662937,0.0009216638281941414
9740.787394621,234,1789772214.228908,0.9697093367576599,0,,,,,17,,,,0.001187269575893879,0.0013376271817833185,0.015035795047879219,0.0007508302805945277,8999,,,,,,,,,,,,,,
10273.948927649,246,1789772747.3906326,,,0.9966751933097839,0.9974321126937866,0,0,18,,,,,,,,9499,0.19930000603199005,0.19949999451637268,0.0021490752696990967,27.068580627441406,29.664464950561523,,,0.001656161155551672,0.0015255343168973923,0.002045717556029558,0.02222280204296112,0.022353878244757652,0.0007858475437387824,0.0009522238979116082
10277.512877824,247,1789772750.9544241,0.9725742340087891,0,,,,,18,,,,0.001189843867905438,0.0013409991515800357,0.01511540450155735,0.000711626373231411,9499,,,,,,,,,,,,,,
10869.347995309,263,1789773342.789742,,,0.9960476756095886,0.9974321126937866,0,0,19,,,,,,,,9999,0.19920000433921814,0.19949999451637268,0.03281214088201523,25.185266494750977,29.492534637451172,0.03058720752596855,0.035740796476602554,0.0017524200957268476,0.0015335407806560397,0.03779406473040581,0.02206570655107498,0.02248089388012886,0.0008481524419039488,0.0008550483034923673
10872.219475583,264,1789773345.6610298,0.9708369970321655,0,,,,,19,,,,0.0011731019476428628,0.001324496348388493,0.015139466151595116,0.000723447126802057,9999,,,,,,,,,,,,,,
11528.879002436,276,1789774002.3207493,,,0.9791918992996216,0.9964474439620972,0.8284872174263,0,20,,,,,,,,10499,0.3619000017642975,0.19930000603199005,0.003083588555455208,8.669412612915039,23.87197494506836,0.0005843110848218203,0.026885079219937325,0.0021830182522535324,0.0020780249033123255,0.0294282715767622,0.02295650541782379,0.022643953561782837,0.001052841660566628,0.0007975450134836137
11531.521008308,277,1789774004.9625652,0.8407002687454224,0.695157527923584,,,,,20,0.7677890658378601,1.1257697343826294,0.0022632477339357138,0.0019058809848502278,0.004334824159741402,0.015443487092852592,0.0007875707233324647,10499,,,,,,,,,,,,,,
12188.313159138,289,1789774661.7548945,,,0.9812073111534119,0.9964474439620972,0.8758044242858887,0,21,,,,,,,,10999,0.3716000020503998,0.19930000603199005,0.0026844649109989405,9.15042781829834,19.65437126159668,0.0004629527102224529,0.020619237795472145,0.0019059877377003431,0.0024152612313628197,0.023451972752809525,0.022402063012123108,0.02209308184683323,0.0008713686256669462,0.0008043692796491086
12191.793152247,290,1789774665.234712,0.9391493201255798,0.8541626334190369,,,,,21,0.8966953158378601,0.2730368971824646,0.0005749978008680046,0.0012533847475424409,0.0019823438487946987,0.015123088844120502,0.000728083192370832,10999,,,,,,,,,,,,,,
12849.27550646,302,1789775322.717253,,,0.984977126121521,0.9969397187232971,0.8719728589057922,0,22,,,,,,,,11499,0.37139999866485596,0.19939999282360077,0.0026092170737683773,9.464892387390137,16.584346771240234,0.0005148517666384578,0.016008760780096054,0.0017772746505215764,0.0030672617722302675,0.019480356946587563,0.0222441628575325,0.02384924329817295,0.0007834754069335759,0.0009868708439171314
12852.448864572,303,1789775325.8903735,0.9564414620399475,0.8866350650787354,,,,,22,0.9215234518051147,0.2094421237707138,0.0004507321282289922,0.001198761397972703,0.0018029252532869577,0.015133737586438656,0.0007695968961343169,11499,,,,,,,,,,,,,,
13508.908315888,315,1789775982.3500652,,,0.9881532192230225,0.9969397187232971,0.8792310357093811,0.006965425331145525,23,,,,,,,,11999,0.37369999289512634,0.20080000162124634,0.0025468007661402225,10.14366626739502,14.417224884033203,0.0004870621196459979,0.012621882371604443,0.0017408153507858515,0.003187917172908783,0.016179237514734268,0.02174866572022438,0.022526560351252556,0.0007095944019965827,0.0008396070334129035
13514.963464112,316,1789775988.4049022,0.9631253480911255,0.9005762338638306,,,,,23,0.9318125247955322,0.18157944083213806,0.0003955476568080485,0.00117881887126714,0.0017279080348089337,0.015172689221799374,0.0007751666707918048,11999,,,,,,,,,,,,,,
14173.504010233,328,1789776646.945756,,,0.9891401529312134,0.9975215792655945,0.8724652528762817,0.02401789464056492,24,,,,,,,,12499,0.3725999891757965,0.20440000295639038,0.0026025825645774603,10.418190002441406,12.916419982910156,0.0005880847456865013,0.010155821219086647,0.0016901849303394556,0.00380252068862319,0.01432370487600565,0.022013092413544655,0.023619838058948517,0.0007050312124192715,0.0010677576065063477
14178.166705273,329,1789776651.6082857,0.9672274589538574,0.9106864333152771,,,,,24,0.9388984441757202,0.16353343427181244,0.00036362677928991616,0.0011628682259470224,0.0016792232636362314,0.015109416097402573,0.0007398359011858702,12499,,,,,,,,,,,,,,
14835.954717975,341,1789777309.3964698,,,0.983975887298584,0.9975215792655945,0.8983325958251953,0.05543015897274017,25,,,,,,,,12999,0.3765000104904175,0.21070000529289246,0.0024897661060094833,10.371786117553711,11.866584777832031,0.00046348400064744055,0.008302909322082996,0.0017041557002812624,0.0036525153554975986,0.01230640709400177,0.021840866655111313,0.023231619969010353,0.0007512509473599494,0.0008663636981509626
14842.085639928,342,1789777315.5268426,0.9703113436698914,0.9166510105133057,,,,,25,0.9434609413146973,0.1530713438987732,0.00034455923014320433,0.0011623684549704194,0.0016594654880464077,0.015100640244781971,0.0007299674325622618,12999,,,,,,,,,,,,,,
15500.171717115,354,1789777973.6134346,,,0.9845699071884155,0.9975215792655945,0.888324499130249,0.09643130749464035,26,,,,,,,,13499,0.37470000982284546,0.21889999508857727,0.0025764822494238615,11.774726867675781,11.147449493408203,0.0004917357582598925,0.006909279618412256,0.0017485995776951313,0.0034014827106148005,0.010651757009327412,0.021839968860149384,0.02295217104256153,0.0008658726001158357,0.0008654876728542149
15505.639267618,355,1789777979.0805871,0.9720231294631958,0.9212946891784668,,,,,26,0.9466406106948853,0.14500097930431366,0.0003296607465017587,0.001158601720817387,0.0016417456790804863,0.015203269198536873,0.0007464590598829091,13499,,,,,,,,,,,,,,
16165.077359532,367,1789778638.519109,,,0.9835314750671387,0.9975215792655945,0.8888334035873413,0.14482270181179047,27,,,,,,,,13999,0.37470000982284546,0.22869999706745148,0.002630640519782901,11.27610969543457,10.639045715332031,0.0004955661715939641,0.005805916618555784,0.0017956605879589915,0.0034211555030196905,0.009564511477947235,0.02266523987054825,0.0231049582362175,0.0008969155023805797,0.0009224304230883718
16170.662081924,368,1789778644.1035743,0.9727644920349121,0.9238296747207642,,,,,27,0.9482812285423279,0.14032113552093506,0.0003171315183863044,0.0011624220060184598,0.0016329844947904348,0.015202673152089119,0.0007571220048703253,13999,,,,,,,,,,,,,,
16829.814973183,380,1789779303.2567239,,,0.9853411316871643,0.9975215792655945,0.903046190738678,0.20704032480716705,28,,,,,,,,14499,0.3776000142097473,0.24120000004768372,0.002529105404391885,11.05462646484375,10.290854454040527,0.000490959151647985,0.004924153443425894,0.0017109363107010722,0.0032543777488172054,0.008507732301950455,0.021666334941983223,0.022629328072071075,0.000788761826697737,0.0009022718295454979
16834.976692111,381,1789779308.4182389,0.9748157858848572,0.9253355264663696,,,,,28,0.9500781297683716,0.13588620722293854,0.0003074376145377755,0.0011517922393977642,0.00161237723659724,0.015178794041275978,0.000737967377062887,14499,,,,,,,,,,,,,,
17493.21448909,393,1789779966.6562376,,,0.988502562046051,0.9975215792655945,0.8818475604057312,0.27737870812416077,29,,,,,,,,14999,0.3743000030517578,0.25519999861717224,0.002792471321299672,11.475830078125,10.060625076293945,0.0006499774754047394,0.004213292617350817,0.001801690668798983,0.00316271698102355,0.007712157443165779,0.022604456171393394,0.023553920909762383,0.0008480630931444466,0.0010692999931052327
17498.516525106,394,1789779971.958036,0.9756905436515808,0.9284824728965759,,,,,29,0.9520468711853027,0.12976065278053284,0.000296722020721063,0.0011558437254279852,0.001606194069609046,0.015233146026730537,0.0007416159496642649,14999,,,,,,,,,,,,,,
18158.218725484,406,1789780631.6604702,,,0.9879378080368042,0.9970293045043945,0.8760025501251221,0.3525811433792114,30,,,,,,,,15499,0.37310001254081726,0.2702000141143799,0.0027645588852465153,12.677797317504883,9.883694648742676,0.0005977081600576639,0.0035822533536702394,0.0018147777300328016,0.003315319074317813,0.007232388947159052,0.02252950519323349,0.02359798364341259,0.0008776737377047539,0.0009338721283711493
18163.329041712,407,1789780636.7705905,0.9766217470169067,0.9277912974357605,,,,,30,0.9522109627723694,0.1291172206401825,0.0002948905457742512,0.001150380470789969,0.0015977598959580064,0.015119669958949089,0.0007040183409117162,15499,,,,,,,,,,,,,,
18821.755882464,419,1789781295.1976242,,,0.9863191246986389,0.9963091015815735,0.8898522257804871,0.4185897409915924,31,,,,,,,,15999,0.37529999017715454,0.2831999957561493,0.002554219216108322,11.528193473815918,9.801074028015137,0.0005114248488098383,0.003072956809774041,0.0017121025593951344,0.0029088074807077646,0.0063129873014986515,0.021540990099310875,0.023321228101849556,0.0007054698653519154,0.0008318591280840337
18826.651879886,420,1789781300.093436,0.9769819378852844,0.9301546216011047,,,,,31,0.9535546898841858,0.12659314274787903,0.0002908604801632464,0.0011598275741562247,0.0016043668147176504,0.015241327695548534,0.00078351836418733,15999,,,,,,,,,,,,,,
19485.799202195,432,1789781959.2409458,,,0.9870893359184265,0.9963091015815735,0.8822944164276123,0.49367690086364746,32,,,,,,,,16499,0.37400001287460327,0.2985000014305115,0.002652837662026286,11.162704467773438,9.768172264099121,0.0006028441130183637,0.0026302882470190525,0.0017158820992335677,0.002844484057277441,0.005798938684165478,0.02224845625460148,0.02264852449297905,0.0007685206364840269,0.0008534054504707456
19491.446859316,433,1789781964.888052,0.9774308204650879,0.9297269582748413,,,,,32,0.9536328315734863,0.12455105781555176,0.0002869917661882937,0.0011535420781001449,0.00159354112111032,0.015176253393292427,0.0007215195801109076,16499,,,,,,,,,,,,,,
20150.453308673,445,1789782623.8950534,,,0.9808759689331055,0.9972937703132629,0.9077094793319702,0.5600950717926025,33,,,,,,,,16999,0.37770000100135803,0.31220000982284546,0.002524798270314932,11.837421417236328,9.764015197753906,0.00048130968934856355,0.0022617874201387167,0.0016991840675473213,0.002712853718549013,0.005295384209603071,0.022593049332499504,0.022310391068458557,0.0009594479342922568,0.0008191933738999069
20155.991492476,446,1789782629.4330273,0.9774071574211121,0.9327476620674133,,,,,33,0.9551093578338623,0.1234482079744339,0.00028254534117877483,0.0011474800994619727,0.001582433353178203,0.015117375180125237,0.0007222101557999849,16999,,,,,,,,,,,,,,
20815.385457531,458,1789783288.8271747,,,0.9832841753959656,0.9972937703132629,0.9101274609565735,0.611625075340271,34,,,,,,,,17499,0.37869998812675476,0.3224000036716461,0.0025672479532659054,12.571563720703125,9.803382873535156,0.0004846319789066911,0.0019521982176229358,0.0017322837375104427,0.0027006182353943586,0.004977144300937653,0.022461656481027603,0.022629398852586746,0.0008173863170668483,0.0009812192292883992
20821.618452732,459,1789783295.0597844,0.9785784482955933,0.933356761932373,,,,,34,0.9559765458106995,0.12098421901464462,0.0002778598282020539,0.0011484140995889902,0.0015794305363669991,0.015194696374237537,0.0007682345458306372,17499,,,,,,,,,,,,,,
21478.79930089,471,1789783952.241001,,,0.9909601807594299,0.9972937703132629,0.873925507068634,0.6543051600456238,35,,,,,,,,17999,0.37310001254081726,0.33079999685287476,0.002900391584262252,12.765292167663574,9.88741397857666,0.0008782813092693686,0.0017053249757736921,0.001674143597483635,0.002555841812863946,0.004595013801008463,0.022031322121620178,0.023497257381677628,0.0008158898563124239,0.001033260254189372
21483.644031906,472,1789783957.0855088,0.979465663433075,0.9346470236778259,,,,,35,0.9570390582084656,0.11701740324497223,0.0002712876594159752,0.0011558376718312502,0.001580522977747023,0.015222749672830105,0.0007524008979089558,17999,,,,,,,,,,,,,,
22142.394228152,484,1789784615.8359706,,,0.9764604568481445,0.9962567090988159,0.9049925804138184,0.6977636814117432,36,,,,,,,,18499,0.37630000710487366,0.3393000066280365,0.0026449088472872972,12.183605194091797,9.971877098083496,0.0004894530866295099,0.0015124095370993018,0.0018102122703567147,0.002408600179478526,0.004246636759489775,0.022340744733810425,0.022590775042772293,0.0008700992329977453,0.0009215241298079491
22147.413065103,485,1789784620.854563,0.9794829487800598,0.933884859085083,,,,,36,0.9566249847412109,0.11974938958883286,0.0002750894345808774,0.0011330846464261413,0.001558426534757018,0.014905586838722229,0.0006937613943591714,18499,,,,,,,,,,,,,,
22804.871513202,497,1789785278.3132339,,,0.9773889780044556,0.9962567090988159,0.8968697190284729,0.7293984889984131,37,,,,,,,,18999,0.3749000132083893,0.34549999237060547,0.002497222274541855,11.083478927612305,10.063614845275879,0.0005263510975055397,0.0013456351589411497,0.00163732108194381,0.0023917253129184246,0.00406095152720809,0.0222715325653553,0.02229546196758747,0.0008388197747990489,0.000988747226074338
22810.706978845,498,1789785284.1485264,0.980682909488678,0.9359391331672668,,,,,37,0.9583593606948853,0.11330273747444153,0.00026436630287207663,0.0011537425452843308,0.0015714057954028249,0.015216384083032608,0.0007494052988477051,18999,,,,,,,,,,,,,,
23468.612431406,510,1789785942.0541122,,,0.9876805543899536,0.9962567090988159,0.8989216685295105,0.7612939476966858,38,,,,,,,,19499,0.3772999942302704,0.35190001130104065,0.0027104131877422333,12.601456642150879,10.163548469543457,0.0006148726679384708,0.0012121587060391903,0.0017524348804727197,0.0022767556365579367,0.0038194607477635145,0.02170906960964203,0.022891119122505188,0.0008512036292813718,0.0009970348328351974
23474.473841191,511,1789785947.9153447,0.9798339605331421,0.9364007115364075,,,,,38,0.9580937623977661,0.1135808676481247,0.0002657889563124627,0.0011440663365647197,0.0015640765195712447,0.015308558009564877,0.0007660891278646886,19499,,,,,,,,,,,,,,
24186.55833491,528,1789786660.0000796,,,0.9868565201759338,0.9962567090988159,0.8938433527946472,0.7870653867721558,39,,,,,,,,19999,0.37630000710487366,0.35690000653266907,0.0027672103606164455,11.66043472290039,10.295772552490234,0.0006036096601746976,0.0011159393470734358,0.0018233865266665816,0.0022034081630408764,0.0036473353393375874,0.022361092269420624,0.022503012791275978,0.0009707107674330473,0.0008308804244734347
24191.466203283,529,1789786664.9077263,0.9802381992340088,0.9389040470123291,,,,,39,0.9595468640327454,0.11110854148864746,0.0002596178383100778,0.0011336783645674586,0.001544750528410077,0.015034394338726997,0.0007088198908604681,19999,,,,,,,,,,,,,,
24849.138889999,541,1789787322.5806303,,,0.9810813665390015,0.9953584671020508,0.9064874053001404,0.803244948387146,40,,,,,,,,20499,0.3776000142097473,0.36000001430511475,0.0024991692043840885,11.550615310668945,10.417036056518555,0.0004426057857926935,0.0010357184801250696,0.001714113401249051,0.002057489473372698,0.0034219727385789156,0.02269435115158558,0.02245945669710636,0.0008831212180666625,0.0008427805150859058
24854.861776154,542,1789787328.3033118,0.9792500138282776,0.9356463551521301,,,,,40,0.9575234651565552,0.11487465351819992,0.0002620999875944108,0.001136877341195941,0.0015511205419898033,0.01509943138808012,0.000771921593695879,20499,,,,,,,,,,,,,,
25512.105220831,554,1789787985.546957,,,0.9812397360801697,0.9948661923408508,0.9125770330429077,0.8132357597351074,41,,,,,,,,20999,0.37869998812675476,0.3619000017642975,0.0024908529594540596,10.967617988586426,10.533650398254395,0.0004752647364512086,0.0009571540867909789,0.001685114810243249,0.002074495190754533,0.0033582134637981653,0.02207970805466175,0.022122733294963837,0.0008283127681352198,0.0008724440704099834
25518.286370087,555,1789787991.7279115,0.9812394380569458,0.937390148639679,,,,,41,0.9593124985694885,0.1086777001619339,0.0002532970393076539,0.0011355410097166896,0.0015413217479363084,0.015139754861593246,0.0007495734025724232,20999,,,,,,,,,,,,,,
26174.632001847,567,1789788648.0737488,,,0.9863922595977783,0.9949886798858643,0.9105668663978577,0.821711540222168,42,,,,,,,,21499,0.37940001487731934,0.3635999858379364,0.0026578260585665703,11.967020988464355,10.645895957946777,0.0006327680894173682,0.0008962056017480791,0.001685449737124145,0.00197172281332314,0.003194888588041067,0.021993789821863174,0.022050147876143456,0.0006977032753638923,0.0008524170843884349
26180.444243915,568,1789788653.8857322,0.9819124341011047,0.9380140900611877,,,,,42,0.9600156545639038,0.10615899413824081,0.00024865270825102925,0.0011288640089333057,0.0015298024518415332,0.015122495591640472,0.0007562084938399494,21499,,,,,,,,,,,,,,
26838.4431253,580,1789789311.8848674,,,0.9823770523071289,0.9940222501754761,0.9120535850524902,0.8370590806007385,43,,,,,,,,21999,0.3788999915122986,0.36640000343322754,0.002458476461470127,12.206343650817871,10.75674057006836,0.0004584214184433222,0.0008443534024991095,0.001657036249525845,0.001957707107067108,0.0031356853432953358,0.0220955740660429,0.02260572649538517,0.0007839819882065058,0.0009169740951620042
26844.116756793,581,1789789317.5582917,0.9813483953475952,0.9381656050682068,,,,,43,0.9597578048706055,0.10751478374004364,0.00024685615790076554,0.0011213058605790138,0.0015191244892776012,0.014988748356699944,0.0007178367814049125,21999,,,,,,,,,,,,,,
27502.530882342,593,1789789975.972629,,,0.9872856736183167,0.9935298562049866,0.9134359359741211,0.8464478254318237,44,,,,,,,,22499,0.3801000118255615,0.36809998750686646,0.002526120049878955,12.790273666381836,10.869176864624023,0.0004820280591957271,0.0007998126093298197,0.0016975845210254192,0.0018189067486673594,0.002942221239209175,0.021860439330339432,0.02148098312318325,0.0008098994148895144,0.0007362099713645875
27508.284203725,594,1789789981.7254727,0.9827603697776794,0.9400681853294373,,,,,44,0.9614765644073486,0.10377965122461319,0.00024346257850993425,0.0011229569790884852,0.0015190133126452565,0.015155596658587456,0.0007407639641314745,22499,,,,,,,,,,,,,,
28165.588387802,606,1789790639.0301292,,,0.9866779446601868,0.9940222501754761,0.912283718585968,0.8517860174179077,45,,,,,,,,22999,0.3799000084400177,0.3693000078201294,0.002572418889030814,12.168244361877441,10.969407081604004,0.000533699057996273,0.000764909025747329,0.0016945998650044203,0.0019708226900547743,0.003065163502469659,0.022243797779083252,0.02197377197444439,0.0009261461091227829,0.0007913860608823597
28170.859127233,607,1789790644.30046,0.98219233751297,0.9398708343505859,,,,,45,0.961007833480835,0.10574216395616531,0.0002450626634526998,0.0011246914509683847,0.001522042672149837,0.015123036690056324,0.0007493732264265418,22999,,,,,,,,,,,,,,
28828.888370507,619,1789791302.3301077,,,0.9773883819580078,0.9935298562049866,0.9231417775154114,0.8611629605293274,46,,,,,,,,23499,0.38029998540878296,0.3711000084877014,0.002307181479409337,11.89277172088623,11.0728759765625,0.0003816475218627602,0.0007315021939575672,0.001584439305588603,0.0018557998118922114,0.002915894379839301,0.022216707468032837,0.021786347031593323,0.0008396379416808486,0.0008769443375058472
28833.611922455,620,1789791307.053374,0.9822932481765747,0.9397825002670288,,,,,46,0.9611015915870667,0.10489284247159958,0.000244370341533795,0.0011224000481888652,0.0015188271645456553,0.015100909397006035,0.0007150174351409078,23499,,,,,,,,,,,,,,
29491.902238786,632,1789791965.3438601,,,0.9871798753738403,0.9929433465003967,0.9096389412879944,0.865531325340271,47,,,,,,,,23999,0.37950000166893005,0.3718999922275543,0.0025522722862660885,15.56228256225586,11.212967872619629,0.0005337336915545166,0.0007061423384584486,0.0016424106433987617,0.0018478267593309283,0.0028833833057433367,0.02205052599310875,0.02172847092151642,0.0008921012631617486,0.000799056957475841
29497.397361144,633,1789791970.8388484,0.9827948212623596,0.9407673478126526,,,,,47,0.9617421627044678,0.10449807345867157,0.00024320940428879112,0.0011133061489090323,0.0015084121841937304,0.015085260383784771,0.0007360842428170145,23999,,,,,,,,,,,,,,
30155.43623664,645,1789792628.8779848,,,0.9828876256942749,0.991985559463501,0.91962069272995,0.871796190738678,48,,,,,,,,24499,0.3804999887943268,0.37290000915527344,0.002452452201396227,14.76530647277832,11.393899917602539,0.0003989428805653006,0.0006844715680927038,0.0016803069738671184,0.0017637319397181273,0.002778441645205021,0.02255491353571415,0.02162991836667061,0.0008873030892573297,0.0007264461601153016
30160.84434414,646,1789792634.2858875,0.9832844138145447,0.9404711127281189,,,,,48,0.9619296789169312,0.10196591913700104,0.00023660979059059173,0.0011213842080906034,0.0015109494561329484,0.015193503350019455,0.0007469776319339871,24499,,,,,,,,,,,,,,
30820.037562797,658,1789793293.4793026,,,0.9850335121154785,0.991985559463501,0.9154113531112671,0.8716291785240173,49,,,,,,,,24999,0.3801000118255615,0.37290000915527344,0.0025908551178872585,12.669855117797852,11.533252716064453,0.0004891685675829649,0.000666112347971648,0.0017506866715848446,0.0018608131213113666,0.0028644183184951544,0.022430116310715675,0.022215984761714935,0.00086002959869802,0.0006925119669176638
30823.175935844,659,1789793296.6174839,0.983421802520752,0.9410693645477295,,,,,49,0.9622265696525574,0.10127336531877518,0.00023468573635909706,0.0011117159156128764,0.001498446916230023,0.015103311277925968,0.0007209155592136085,24999,,,,,,,,,,,,,,
31481.121529724,671,1789793954.5632615,,,0.9843633770942688,0.9910593032836914,0.9156923890113831,0.8745110630989075,50,,,,,,,,25499,0.3801000118255615,0.3732999861240387,0.0024580631870776415,12.850120544433594,11.640083312988281,0.000426511192927137,0.0006493363762274384,0.001680542598478496,0.0018930904334411025,0.0028922129422426224,0.022250855341553688,0.023338492959737778,0.0008112966315820813,0.0011047652224078774
31486.735446948,672,1789793960.176963,0.9841687083244324,0.9406805038452148,,,,,50,0.9624218940734863,0.10012325644493103,0.00023506541037932038,0.0011005749693140388,0.0014851120067760348,0.01484693679958582,0.0006681965314783156,25499,,,,,,,,,,,,,,
32144.063575595,684,1789794617.5053105,,,0.9817748069763184,0.9910593032836914,0.9262816309928894,0.8793882727622986,51,,,,,,,,25999,0.3817000091075897,0.3743000030517578,0.002317391335964203,12.997997283935547,11.7232666015625,0.0003567380481399596,0.0006309222080744803,0.0016164241824299097,0.0018344169948250055,0.002803565701469779,0.021424921229481697,0.022099388763308525,0.0008065559668466449,0.000672193884383887
32149.037362313,685,1789794622.4789057,0.9825928807258606,0.9427814483642578,,,,,51,0.9625937342643738,0.10094276070594788,0.00023227586643770337,0.0011075069196522236,0.0014922382542863488,0.01514455210417509,0.0007232904899865389,25999,,,,,,,,,,,,,,
32807.479569211,697,1789795280.9213102,,,0.9808106422424316,0.9906395673751831,0.9225292801856995,0.8809730410575867,52,,,,,,,,26499,0.38089999556541443,0.37450000643730164,0.002409524517133832,12.057680130004883,11.782090187072754,0.0004395137366373092,0.0006115968571975827,0.0016333040548488498,0.0018022960284724832,0.0027572414837777615,0.02161296457052231,0.02255270630121231,0.0006754957139492035,0.000954630842898041
32812.501518692,698,1789795285.9430876,0.984052300453186,0.9420247673988342,,,,,52,0.9630625247955322,0.09992995858192444,0.00023170647909864783,0.0011114014778286219,0.0014957002131268382,0.015159230679273605,0.0007226013694889843,26499,,,,,,,,,,,,,,
33471.21562059,710,1789795944.657355,,,0.981949508190155,0.9907717704772949,0.9231871366500854,0.8830258846282959,53,,,,,,,,26999,0.38109999895095825,0.3749000132083893,0.0023339136969298124,12.38065242767334,11.833683967590332,0.0004133121110498905,0.0005970705533400178,0.0015852825017645955,0.0018315563211217523,0.002772362669929862,0.02115122228860855,0.022539861500263214,0.0006999422912485898,0.0009509592200629413
33477.015599853,711,1789795950.4571726,0.9841685891151428,0.9433169364929199,,,,,53,0.9637030959129333,0.09908967465162277,0.00023207184858620167,0.0011020477395504713,0.0014870560262352228,0.015194520354270935,0.0007591654430143535,26999,,,,,,,,,,,,,,
34134.090319708,723,1789796607.532065,,,0.9908171892166138,0.9907717704772949,0.8937872052192688,0.8863685727119446,54,,,,,,,,27499,0.37700000405311584,0.37560001015663147,0.0025908215902745724,11.810982704162598,11.90257740020752,0.000581610482186079,0.0005858137737959623,0.0016675912775099277,0.0018426947062835097,0.0027725109830498695,0.022351041436195374,0.02249765954911709,0.0009221439249813557,0.0009783435380086303
34140.7034087,724,1789796614.1449375,0.9839882850646973,0.9417136907577515,,,,,54,0.9629218578338623,0.1005256175994873,0.00023072940530255437,0.001101104891858995,0.001484065200202167,0.015122550539672375,0.0007193207857199013,27499,,,,,,,,,,,,,,
34797.631152017,736,1789797271.0728917,,,0.9818627834320068,0.9907717704772949,0.9193991422653198,0.8884724378585815,55,,,,,,,,27999,0.38029998540878296,0.37599998712539673,0.002494796644896269,12.322944641113281,11.96180248260498,0.0004093977331649512,0.0005729044787585735,0.0017442404059693217,0.0018709228606894612,0.0027882924769073725,0.02179293893277645,0.02248474210500717,0.0008639866136945784,0.0008895419887267053
34803.752364751,737,1789797277.193906,0.984508216381073,0.9435665011405945,,,,,55,0.9639999866485596,0.09753453731536865,0.00022837540018372238,0.001099508604966104,0.0014795818133279681,0.01507220882922411,0.000705726386513561,27999,,,,,,,,,,,,,,
35459.755394518,749,1789797933.1970913,,,0.9835143685340881,0.9907717704772949,0.9265007972717285,0.8910060524940491,56,,,,,,,,28499,0.382099986076355,0.3765000104904175,0.00234454614110291,12.383601188659668,12.032758712768555,0.00037969285040162504,0.0005600399454124272,0.0016210562316700816,0.0018528224900364876,0.0027584137860685587,0.02199612185359001,0.022522399201989174,0.0007588647422380745,0.0008650553645566106
35465.851903127,750,1789797939.2934012,0.9839938879013062,0.9433179497718811,,,,,56,0.9636952877044678,0.09851118922233582,0.00022654283384326845,0.0010886401869356632,0.001465895096771419,0.014972683042287827,0.0007214851211756468,28499,,,,,,,,,,,,,,
36123.292125451,762,1789798596.733873,,,0.9871488213539124,0.9907717704772949,0.9081443548202515,0.8923850655555725,57,,,,,,,,28999,0.3792000114917755,0.376800000667572,0.002376798540353775,11.850616455078125,12.118281364440918,0.0004671792848967016,0.0005518561811186373,0.0015737247886136174,0.0017371417488902807,0.0026300654280930758,0.021738797426223755,0.021988457068800926,0.0007444054936058819,0.0007845669169910252
36128.467789509,763,1789798601.9093397,0.9840086698532104,0.9420006275177002,,,,,57,0.962960958480835,0.0991382822394371,0.00022985442774370313,0.0011034313356503844,0.001485403859987855,0.015112709254026413,0.0007320748991332948,28999,,,,,,,,,,,,,,
36785.934268822,775,1789799259.3759904,,,0.981224775314331,0.9907717704772949,0.9254329800605774,0.8950175642967224,58,,,,,,,,29499,0.3815999925136566,0.3772999942302704,0.002350982977077365,11.625950813293457,12.192892074584961,0.0004272913793101907,0.0005423408001661301,0.0015897612320259213,0.0017515707295387983,0.002643270418047905,0.021767105907201767,0.022743061184883118,0.0007854271680116653,0.0008255291031673551
36791.614511153,776,1789799265.056066,0.9848280549049377,0.9431056380271912,,,,,58,0.9639531373977661,0.09723911434412003,0.00022429107048083097,0.0010977084748446941,0.0014739249600097537,0.01509527675807476,0.0006730582099407911,29499,,,,,,,,,,,,,,
37503.001192472,793,1789799976.4429343,,,0.9881773591041565,0.9907717704772949,0.8966056704521179,0.8966852426528931,59,,,,,,,,29999,0.3772999942302704,0.3776000142097473,0.0024316965136677027,11.704622268676758,12.262185096740723,0.0005060358089394867,0.0005331729189492762,0.0015851391945034266,0.0017095687799155712,0.0025911175180226564,0.022347522899508476,0.022575391456484795,0.0009295731433667243,0.0010083867236971855
37509.340004922,794,1789799982.7814488,0.9849843382835388,0.943350613117218,,,,,59,0.9641796946525574,0.09624595195055008,0.00022463475761469454,0.0010967651614919305,0.0014742495259270072,0.015188773162662983,0.0007487880648113787,29999,,,,,,,,,,,,,,
