name,selection,completed_steps,task,ema_accuracy_pct
CL_CIFAR10_SUP_TASK1-2_SEED12,best,30000,1,99.07717704772949
CL_CIFAR10_SUP_TASK1-2_SEED12,best,30000,2,89.6685242652893
CL_CIFAR10_SUP_TASK1-2_SEED12,last,30000,1,99.07717704772949
CL_CIFAR10_SUP_TASK1-2_SEED12,last,30000,2,89.6685242652893
CL_CIFAR10_SUP_TASK1-3_SEED12,best,21500,1,98.93520474433899
CL_CIFAR10_SUP_TASK1-3_SEED12,best,21500,2,74.91930723190308
CL_CIFAR10_SUP_TASK1-3_SEED12,best,21500,3,81.09177947044373
CL_CIFAR10_SUP_TASK1-3_SEED12,last,30000,1,98.33523631095886
CL_CIFAR10_SUP_TASK1-3_SEED12,last,30000,2,38.95449340343475
CL_CIFAR10_SUP_TASK1-3_SEED12,last,30000,3,95.10894417762756
CL_CIFAR10_SUP_TASK1-4_SEED12,best,20500,1,98.72021675109863
CL_CIFAR10_SUP_TASK1-4_SEED12,best,20500,2,71.91556692123413
CL_CIFAR10_SUP_TASK1-4_SEED12,best,20500,3,83.83923768997192
CL_CIFAR10_SUP_TASK1-4_SEED12,best,20500,4,78.93394827842712
CL_CIFAR10_SUP_TASK1-4_SEED12,last,20500,1,98.72021675109863
CL_CIFAR10_SUP_TASK1-4_SEED12,last,20500,2,71.91556692123413
CL_CIFAR10_SUP_TASK1-4_SEED12,last,20500,3,83.83923768997192
CL_CIFAR10_SUP_TASK1-4_SEED12,last,20500,4,78.93394827842712
CL_CIFAR10_SUP_TASK1-4_SEED12_RERUN_T1_4,best,23000,1,98.71333241462708
CL_CIFAR10_SUP_TASK1-4_SEED12_RERUN_T1_4,best,23000,2,64.91931080818176
CL_CIFAR10_SUP_TASK1-4_SEED12_RERUN_T1_4,best,23000,3,86.84917092323303
CL_CIFAR10_SUP_TASK1-4_SEED12_RERUN_T1_4,best,23000,4,87.42140531539917
CL_CIFAR10_SUP_TASK1-4_SEED12_RERUN_T1_4,last,30000,1,98.47971796989441
CL_CIFAR10_SUP_TASK1-4_SEED12_RERUN_T1_4,last,30000,2,48.54957163333893
CL_CIFAR10_SUP_TASK1-4_SEED12_RERUN_T1_4,last,30000,3,84.68772172927856
CL_CIFAR10_SUP_TASK1-4_SEED12_RERUN_T1_4,last,30000,4,95.2734887599945
