name,reached_target_steps,class_count,max_steps_target,best_completed_steps,last_validation_completed_steps,best_accuracy_all10_pct,last_accuracy_all10_pct,best_seen_accuracy_pct,last_seen_accuracy_pct,max_runtime_seconds
CL_CIFAR10_SUP_TASK1_SEED12,True,2,50000,24500,50000,19.96999979019165,19.949999451637268,99.84999895095825,99.74999725818634,51139.540898308
CL_CIFAR10_SUP_TASK2_SEED12,True,2,50000,31000,50000,19.750000536441803,19.699999690055847,98.75000268220901,98.49999845027924,51215.337155689
CL_CIFAR10_SUP_TASK1-2_SEED12,True,4,30000,30000,30000,37.76000142097473,37.76000142097473,94.40000355243683,94.40000355243683,37509.340004922
CL_CIFAR10_SUP_TASK3_SEED12,True,2,50000,34000,50000,19.850000739097595,19.81000006198883,99.25000369548798,99.05000030994415,51383.701981576
CL_CIFAR10_SUP_TASK1-3_SEED12,True,6,30000,21500,30000,51.05000138282776,46.459999680519104,85.08333563804626,77.43333280086517,37974.293439117
CL_CIFAR10_SUP_TASK4_SEED12,True,2,50000,39000,50000,19.990000128746033,19.95999962091446,99.95000064373016,99.7999981045723,51846.792701455
CL_CIFAR10_SUP_TASK1-4_SEED12,False,8,30000,20500,20500,66.64999723434448,66.64999723434448,83.3124965429306,83.3124965429306,96530.707646368
CL_CIFAR10_SUP_TASK1-4_SEED12_RERUN_T1_4,True,8,30000,23000,30000,67.5000011920929,65.420001745224,84.37500149011612,81.77500218153,38109.931758121
CL_CIFAR10_SUP_TASK5_SEED12_RERUN_T1_5,False,2,50000,38000,42000,19.96999979019165,19.949999451637268,99.84999895095825,99.74999725818634,43247.016106979
CL_CIFAR10_SUP_TASK5_SEED12_FULL,True,2,50000,23000,50000,19.930000603199005,19.859999418258667,99.65000301599503,99.29999709129333,51449.388662601
